time,time_ms,speed,acceleration,vehicle_ref,actorConfig_id,actorConfig_emissionClass,actorConfig_fuel,actorConfig_ref,actorConfig_vehicleClass,Power
6:51:11,24671000,0,0,Route4_trip151772020_06:51:00,5,Euro4,Gasoline,Gillig_104,Passenger,6.702348
6:51:12,24672000,0,0,Route4_trip151772020_06:51:00,5,Euro4,Gasoline,Gillig_104,Passenger,6.702348
6:51:13,24673000,0,0,Route4_trip151772020_06:51:00,5,Euro4,Gasoline,Gillig_104,Passenger,6.702348
6:51:14,24674000,0,0,Route4_trip151772020_06:51:00,5,Euro4,Gasoline,Gillig_104,Passenger,6.702348
6:51:15,24675000,0,0,Route4_trip151772020_06:51:00,5,Euro4,Gasoline,Gillig_104,Passenger,6.702348
6:51:16,24676000,0,0,Route4_trip151772020_06:51:00,5,Euro4,Gasoline,Gillig_104,Passenger,6.702348
6:51:17,24677000,0,0,Route4_trip151772020_06:51:00,5,Euro4,Gasoline,Gillig_104,Passenger,6.702348
6:51:18,24678000,0,0,Route4_trip151772020_06:51:00,5,Euro4,Gasoline,Gillig_104,Passenger,6.702348
6:51:19,24679000,0,0,Route4_trip151772020_06:51:00,5,Euro4,Gasoline,Gillig_104,Passenger,6.702348
6:51:20,24680000,0,0,Route4_trip151772020_06:51:00,5,Euro4,Gasoline,Gillig_104,Passenger,6.702348
6:51:21,24681000,0,0,Route4_trip151772020_06:51:00,5,Euro4,Gasoline,Gillig_104,Passenger,6.702348
6:51:22,24682000,0,0,Route4_trip151772020_06:51:00,5,Euro4,Gasoline,Gillig_104,Passenger,6.702348
6:51:23,24683000,0,0,Route4_trip151772020_06:51:00,5,Euro4,Gasoline,Gillig_104,Passenger,6.702348
6:51:24,24684000,0,0,Route4_trip151772020_06:51:00,5,Euro4,Gasoline,Gillig_104,Passenger,6.702348
6:51:25,24685000,0,0,Route4_trip151772020_06:51:00,5,Euro4,Gasoline,Gillig_104,Passenger,6.702348
6:51:26,24686000,0,0,Route4_trip151772020_06:51:00,5,Euro4,Gasoline,Gillig_104,Passenger,6.702348
6:51:27,24687000,0,0,Route4_trip151772020_06:51:00,5,Euro4,Gasoline,Gillig_104,Passenger,6.702348
6:51:28,24688000,0,0,Route4_trip151772020_06:51:00,5,Euro4,Gasoline,Gillig_104,Passenger,6.702348
6:51:29,24689000,0,0,Route4_trip151772020_06:51:00,5,Euro4,Gasoline,Gillig_104,Passenger,6.702348
6:51:30,24690000,0,0,Route4_trip151772020_06:51:00,5,Euro4,Gasoline,Gillig_104,Passenger,6.702348
6:51:31,24691000,0,0,Route4_trip151772020_06:51:00,5,Euro4,Gasoline,Gillig_104,Passenger,6.702348
6:51:32,24692000,0,0,Route4_trip151772020_06:51:00,5,Euro4,Gasoline,Gillig_104,Passenger,6.702348
6:51:33,24693000,0,0,Route4_trip151772020_06:51:00,5,Euro4,Gasoline,Gillig_104,Passenger,6.702348
6:51:34,24694000,0,0,Route4_trip151772020_06:51:00,5,Euro4,Gasoline,Gillig_104,Passenger,6.702348
6:51:35,24695000,0,0,Route4_trip151772020_06:51:00,5,Euro4,Gasoline,Gillig_104,Passenger,6.702348
6:51:36,24696000,0,0,Route4_trip151772020_06:51:00,5,Euro4,Gasoline,Gillig_104,Passenger,6.702348
6:51:37,24697000,0,0,Route4_trip151772020_06:51:00,5,Euro4,Gasoline,Gillig_104,Passenger,6.702348
6:51:38,24698000,0,0,Route4_trip151772020_06:51:00,5,Euro4,Gasoline,Gillig_104,Passenger,6.702348
6:51:39,24699000,0,0,Route4_trip151772020_06:51:00,5,Euro4,Gasoline,Gillig_104,Passenger,6.702348
6:51:40,24700000,0,0,Route4_trip151772020_06:51:00,5,Euro4,Gasoline,Gillig_104,Passenger,6.702348
6:51:41,24701000,0,0,Route4_trip151772020_06:51:00,5,Euro4,Gasoline,Gillig_104,Passenger,6.702348
6:51:42,24702000,0,0,Route4_trip151772020_06:51:00,5,Euro4,Gasoline,Gillig_104,Passenger,6.702348
6:51:43,24703000,100,999,Route4_trip151772020_06:51:00,5,Euro4,Gasoline,Gillig_104,Passenger,26.256184
6:51:44,24704000,171,707,Route4_trip151772020_06:51:00,5,Euro4,Gasoline,Gillig_104,Passenger,32.63478
6:51:45,24705000,241,700,Route4_trip151772020_06:51:00,5,Euro4,Gasoline,Gillig_104,Passenger,43.269474
6:51:46,24706000,345,1040,Route4_trip151772020_06:51:00,5,Euro4,Gasoline,Gillig_104,Passenger,67.2486
6:51:47,24707000,403,581,Route4_trip151772020_06:51:00,5,Euro4,Gasoline,Gillig_104,Passenger,59.232605
6:51:48,24708000,476,733,Route4_trip151772020_06:51:00,5,Euro4,Gasoline,Gillig_104,Passenger,73.474785
6:51:49,24709000,551,755,Route4_trip151772020_06:51:00,5,Euro4,Gasoline,Gillig_104,Passenger,85.77703
6:51:50,24710000,633,817,Route4_trip151772020_06:51:00,5,Euro4,Gasoline,Gillig_104,Passenger,100.86121
6:51:51,24711000,711,781,Route4_trip151772020_06:51:00,5,Euro4,Gasoline,Gillig_104,Passenger,110.07676
6:51:52,24712000,811,997,Route4_trip151772020_06:51:00,5,Euro4,Gasoline,Gillig_104,Passenger,136.03113
6:51:53,24713000,902,907,Route4_trip151772020_06:51:00,5,Euro4,Gasoline,Gillig_104,Passenger,141.20575
6:51:54,24714000,987,858,Route4_trip151772020_06:51:00,5,Euro4,Gasoline,Gillig_104,Passenger,147.00777
6:51:55,24715000,1074,870,Route4_trip151772020_06:51:00,5,Euro4,Gasoline,Gillig_104,Passenger,159.5299
6:51:56,24716000,1167,924,Route4_trip151772020_06:51:00,5,Euro4,Gasoline,Gillig_104,Passenger,175.66486
6:51:57,24717000,1236,694,Route4_trip151772020_06:51:00,5,Euro4,Gasoline,Gillig_104,Passenger,163.87738
6:51:58,24718000,1343,1063,Route4_trip151772020_06:51:00,5,Euro4,Gasoline,Gillig_104,Passenger,208.79424
6:51:59,24719000,1423,804,Route4_trip151772020_06:51:00,5,Euro4,Gasoline,Gillig_104,Passenger,191.15132
6:52:00,24720000,1500,770,Route4_trip151772020_06:51:00,5,Euro4,Gasoline,Gillig_104,Passenger,193.22755
6:52:01,24721000,1298,-2019,Route4_trip151772020_06:51:00,5,Euro4,Gasoline,Gillig_104,Passenger,-139.37051
6:52:02,24722000,938,-3598,Route4_trip151772020_06:51:00,5,Euro4,Gasoline,Gillig_104,Passenger,-139.37051
6:52:03,24723000,508,-4299,Route4_trip151772020_06:51:00,5,Euro4,Gasoline,Gillig_104,Passenger,-139.37051
6:52:04,24724000,82,-4262,Route4_trip151772020_06:51:00,5,Euro4,Gasoline,Gillig_104,Passenger,-103.51742
6:52:05,24725000,2,-802,Route4_trip151772020_06:51:00,5,Euro4,Gasoline,Gillig_104,Passenger,5.9680915
6:52:06,24726000,0,-10,Route4_trip151772020_06:51:00,5,Euro4,Gasoline,Gillig_104,Passenger,6.6920466
6:52:07,24727000,0,0,Route4_trip151772020_06:51:00,5,Euro4,Gasoline,Gillig_104,Passenger,6.702348
6:52:08,24728000,0,-3,Route4_trip151772020_06:51:00,5,Euro4,Gasoline,Gillig_104,Passenger,6.6992574
6:52:09,24729000,0,0,Route4_trip151772020_06:51:00,5,Euro4,Gasoline,Gillig_104,Passenger,6.702348
6:52:10,24730000,0,0,Route4_trip151772020_06:51:00,5,Euro4,Gasoline,Gillig_104,Passenger,6.702348
6:52:11,24731000,0,0,Route4_trip151772020_06:51:00,5,Euro4,Gasoline,Gillig_104,Passenger,6.702348
6:52:12,24732000,0,0,Route4_trip151772020_06:51:00,5,Euro4,Gasoline,Gillig_104,Passenger,6.702348
6:52:13,24733000,0,0,Route4_trip151772020_06:51:00,5,Euro4,Gasoline,Gillig_104,Passenger,6.702348
6:52:14,24734000,0,0,Route4_trip151772020_06:51:00,5,Euro4,Gasoline,Gillig_104,Passenger,6.702348
6:52:15,24735000,0,0,Route4_trip151772020_06:51:00,5,Euro4,Gasoline,Gillig_104,Passenger,6.702348
6:52:16,24736000,0,0,Route4_trip151772020_06:51:00,5,Euro4,Gasoline,Gillig_104,Passenger,6.702348
6:52:17,24737000,0,0,Route4_trip151772020_06:51:00,5,Euro4,Gasoline,Gillig_104,Passenger,6.702348
6:52:18,24738000,0,0,Route4_trip151772020_06:51:00,5,Euro4,Gasoline,Gillig_104,Passenger,6.702348
6:52:19,24739000,0,0,Route4_trip151772020_06:51:00,5,Euro4,Gasoline,Gillig_104,Passenger,6.702348
6:52:20,24740000,0,0,Route4_trip151772020_06:51:00,5,Euro4,Gasoline,Gillig_104,Passenger,6.702348
6:52:21,24741000,0,0,Route4_trip151772020_06:51:00,5,Euro4,Gasoline,Gillig_104,Passenger,6.702348
6:52:22,24742000,0,0,Route4_trip151772020_06:51:00,5,Euro4,Gasoline,Gillig_104,Passenger,6.702348
6:52:23,24743000,0,0,Route4_trip151772020_06:51:00,5,Euro4,Gasoline,Gillig_104,Passenger,6.702348
6:52:24,24744000,0,0,Route4_trip151772020_06:51:00,5,Euro4,Gasoline,Gillig_104,Passenger,6.702348
6:52:25,24745000,0,0,Route4_trip151772020_06:51:00,5,Euro4,Gasoline,Gillig_104,Passenger,6.702348
6:52:26,24746000,0,0,Route4_trip151772020_06:51:00,5,Euro4,Gasoline,Gillig_104,Passenger,6.702348
6:52:27,24747000,0,0,Route4_trip151772020_06:51:00,5,Euro4,Gasoline,Gillig_104,Passenger,6.702348
6:52:28,24748000,0,0,Route4_trip151772020_06:51:00,5,Euro4,Gasoline,Gillig_104,Passenger,6.702348
6:52:29,24749000,0,0,Route4_trip151772020_06:51:00,5,Euro4,Gasoline,Gillig_104,Passenger,6.702348
6:52:30,24750000,0,0,Route4_trip151772020_06:51:00,5,Euro4,Gasoline,Gillig_104,Passenger,6.702348
6:52:31,24751000,0,0,Route4_trip151772020_06:51:00,5,Euro4,Gasoline,Gillig_104,Passenger,6.702348
6:52:32,24752000,0,0,Route4_trip151772020_06:51:00,5,Euro4,Gasoline,Gillig_104,Passenger,6.702348
6:52:33,24753000,0,0,Route4_trip151772020_06:51:00,5,Euro4,Gasoline,Gillig_104,Passenger,6.702348
6:52:34,24754000,0,0,Route4_trip151772020_06:51:00,5,Euro4,Gasoline,Gillig_104,Passenger,6.702348
6:52:35,24755000,0,0,Route4_trip151772020_06:51:00,5,Euro4,Gasoline,Gillig_104,Passenger,6.702348
6:52:36,24756000,0,0,Route4_trip151772020_06:51:00,5,Euro4,Gasoline,Gillig_104,Passenger,6.702348
6:52:37,24757000,0,0,Route4_trip151772020_06:51:00,5,Euro4,Gasoline,Gillig_104,Passenger,6.702348
6:52:38,24758000,0,0,Route4_trip151772020_06:51:00,5,Euro4,Gasoline,Gillig_104,Passenger,6.702348
6:52:39,24759000,0,0,Route4_trip151772020_06:51:00,5,Euro4,Gasoline,Gillig_104,Passenger,6.702348
6:52:40,24760000,0,0,Route4_trip151772020_06:51:00,5,Euro4,Gasoline,Gillig_104,Passenger,6.702348
6:52:41,24761000,0,0,Route4_trip151772020_06:51:00,5,Euro4,Gasoline,Gillig_104,Passenger,6.702348
6:52:42,24762000,0,0,Route4_trip151772020_06:51:00,5,Euro4,Gasoline,Gillig_104,Passenger,6.702348
6:52:43,24763000,0,0,Route4_trip151772020_06:51:00,5,Euro4,Gasoline,Gillig_104,Passenger,6.702348
6:52:44,24764000,0,0,Route4_trip151772020_06:51:00,5,Euro4,Gasoline,Gillig_104,Passenger,6.702348
6:52:45,24765000,0,0,Route4_trip151772020_06:51:00,5,Euro4,Gasoline,Gillig_104,Passenger,6.702348
6:52:46,24766000,0,0,Route4_trip151772020_06:51:00,5,Euro4,Gasoline,Gillig_104,Passenger,6.702348
6:52:47,24767000,0,0,Route4_trip151772020_06:51:00,5,Euro4,Gasoline,Gillig_104,Passenger,6.702348
6:52:48,24768000,0,0,Route4_trip151772020_06:51:00,5,Euro4,Gasoline,Gillig_104,Passenger,6.702348
6:52:49,24769000,0,0,Route4_trip151772020_06:51:00,5,Euro4,Gasoline,Gillig_104,Passenger,6.702348
6:52:50,24770000,0,0,Route4_trip151772020_06:51:00,5,Euro4,Gasoline,Gillig_104,Passenger,6.702348
6:52:51,24771000,0,0,Route4_trip151772020_06:51:00,5,Euro4,Gasoline,Gillig_104,Passenger,6.702348
6:52:52,24772000,0,0,Route4_trip151772020_06:51:00,5,Euro4,Gasoline,Gillig_104,Passenger,6.702348
6:52:53,24773000,0,0,Route4_trip151772020_06:51:00,5,Euro4,Gasoline,Gillig_104,Passenger,6.702348
6:52:54,24774000,0,0,Route4_trip151772020_06:51:00,5,Euro4,Gasoline,Gillig_104,Passenger,6.702348
6:52:55,24775000,0,0,Route4_trip151772020_06:51:00,5,Euro4,Gasoline,Gillig_104,Passenger,6.702348
6:52:56,24776000,0,0,Route4_trip151772020_06:51:00,5,Euro4,Gasoline,Gillig_104,Passenger,6.702348
6:52:57,24777000,0,0,Route4_trip151772020_06:51:00,5,Euro4,Gasoline,Gillig_104,Passenger,6.702348
6:52:58,24778000,0,0,Route4_trip151772020_06:51:00,5,Euro4,Gasoline,Gillig_104,Passenger,6.702348
6:52:59,24779000,0,0,Route4_trip151772020_06:51:00,5,Euro4,Gasoline,Gillig_104,Passenger,6.702348
6:53:00,24780000,0,0,Route4_trip151772020_06:51:00,5,Euro4,Gasoline,Gillig_104,Passenger,6.702348
6:53:01,24781000,0,0,Route4_trip151772020_06:51:00,5,Euro4,Gasoline,Gillig_104,Passenger,6.702348
6:53:02,24782000,0,0,Route4_trip151772020_06:51:00,5,Euro4,Gasoline,Gillig_104,Passenger,6.702348
6:53:03,24783000,0,0,Route4_trip151772020_06:51:00,5,Euro4,Gasoline,Gillig_104,Passenger,6.702348
6:53:04,24784000,0,0,Route4_trip151772020_06:51:00,5,Euro4,Gasoline,Gillig_104,Passenger,6.702348
6:53:05,24785000,0,0,Route4_trip151772020_06:51:00,5,Euro4,Gasoline,Gillig_104,Passenger,6.702348
6:53:06,24786000,0,0,Route4_trip151772020_06:51:00,5,Euro4,Gasoline,Gillig_104,Passenger,6.702348
6:53:07,24787000,0,0,Route4_trip151772020_06:51:00,5,Euro4,Gasoline,Gillig_104,Passenger,6.702348
6:53:08,24788000,0,0,Route4_trip151772020_06:51:00,5,Euro4,Gasoline,Gillig_104,Passenger,6.702348
6:53:09,24789000,0,0,Route4_trip151772020_06:51:00,5,Euro4,Gasoline,Gillig_104,Passenger,6.702348
6:53:10,24790000,0,0,Route4_trip151772020_06:51:00,5,Euro4,Gasoline,Gillig_104,Passenger,6.702348
6:53:11,24791000,0,0,Route4_trip151772020_06:51:00,5,Euro4,Gasoline,Gillig_104,Passenger,6.702348
6:53:12,24792000,0,0,Route4_trip151772020_06:51:00,5,Euro4,Gasoline,Gillig_104,Passenger,6.702348
6:53:13,24793000,0,0,Route4_trip151772020_06:51:00,5,Euro4,Gasoline,Gillig_104,Passenger,6.702348
6:53:14,24794000,0,0,Route4_trip151772020_06:51:00,5,Euro4,Gasoline,Gillig_104,Passenger,6.702348
6:53:15,24795000,0,0,Route4_trip151772020_06:51:00,5,Euro4,Gasoline,Gillig_104,Passenger,6.702348
6:53:16,24796000,0,0,Route4_trip151772020_06:51:00,5,Euro4,Gasoline,Gillig_104,Passenger,6.702348
6:53:17,24797000,0,0,Route4_trip151772020_06:51:00,5,Euro4,Gasoline,Gillig_104,Passenger,6.702348
6:53:18,24798000,0,0,Route4_trip151772020_06:51:00,5,Euro4,Gasoline,Gillig_104,Passenger,6.702348
6:53:19,24799000,0,0,Route4_trip151772020_06:51:00,5,Euro4,Gasoline,Gillig_104,Passenger,6.702348
6:53:20,24800000,0,0,Route4_trip151772020_06:51:00,5,Euro4,Gasoline,Gillig_104,Passenger,6.702348
6:53:21,24801000,0,0,Route4_trip151772020_06:51:00,5,Euro4,Gasoline,Gillig_104,Passenger,6.702348
6:53:22,24802000,0,0,Route4_trip151772020_06:51:00,5,Euro4,Gasoline,Gillig_104,Passenger,6.702348
6:53:23,24803000,0,0,Route4_trip151772020_06:51:00,5,Euro4,Gasoline,Gillig_104,Passenger,6.702348
6:53:24,24804000,0,0,Route4_trip151772020_06:51:00,5,Euro4,Gasoline,Gillig_104,Passenger,6.702348
6:53:25,24805000,0,0,Route4_trip151772020_06:51:00,5,Euro4,Gasoline,Gillig_104,Passenger,6.702348
6:53:26,24806000,0,0,Route4_trip151772020_06:51:00,5,Euro4,Gasoline,Gillig_104,Passenger,6.702348
6:53:27,24807000,0,0,Route4_trip151772020_06:51:00,5,Euro4,Gasoline,Gillig_104,Passenger,6.702348
6:53:28,24808000,0,0,Route4_trip151772020_06:51:00,5,Euro4,Gasoline,Gillig_104,Passenger,6.702348
6:53:29,24809000,0,0,Route4_trip151772020_06:51:00,5,Euro4,Gasoline,Gillig_104,Passenger,6.702348
6:53:30,24810000,0,0,Route4_trip151772020_06:51:00,5,Euro4,Gasoline,Gillig_104,Passenger,6.702348
6:53:31,24811000,0,0,Route4_trip151772020_06:51:00,5,Euro4,Gasoline,Gillig_104,Passenger,6.702348
6:53:32,24812000,0,0,Route4_trip151772020_06:51:00,5,Euro4,Gasoline,Gillig_104,Passenger,6.702348
6:53:33,24813000,0,0,Route4_trip151772020_06:51:00,5,Euro4,Gasoline,Gillig_104,Passenger,6.702348
6:53:34,24814000,0,0,Route4_trip151772020_06:51:00,5,Euro4,Gasoline,Gillig_104,Passenger,6.702348
6:53:35,24815000,0,0,Route4_trip151772020_06:51:00,5,Euro4,Gasoline,Gillig_104,Passenger,6.702348
6:53:36,24816000,0,0,Route4_trip151772020_06:51:00,5,Euro4,Gasoline,Gillig_104,Passenger,6.702348
6:53:37,24817000,0,0,Route4_trip151772020_06:51:00,5,Euro4,Gasoline,Gillig_104,Passenger,6.702348
6:53:38,24818000,0,0,Route4_trip151772020_06:51:00,5,Euro4,Gasoline,Gillig_104,Passenger,6.702348
6:53:39,24819000,0,0,Route4_trip151772020_06:51:00,5,Euro4,Gasoline,Gillig_104,Passenger,6.702348
6:53:40,24820000,0,0,Route4_trip151772020_06:51:00,5,Euro4,Gasoline,Gillig_104,Passenger,6.702348
6:53:41,24821000,0,0,Route4_trip151772020_06:51:00,5,Euro4,Gasoline,Gillig_104,Passenger,6.702348
6:53:42,24822000,0,0,Route4_trip151772020_06:51:00,5,Euro4,Gasoline,Gillig_104,Passenger,6.702348
6:53:43,24823000,0,0,Route4_trip151772020_06:51:00,5,Euro4,Gasoline,Gillig_104,Passenger,6.702348
6:53:44,24824000,0,0,Route4_trip151772020_06:51:00,5,Euro4,Gasoline,Gillig_104,Passenger,6.702348
6:53:45,24825000,0,0,Route4_trip151772020_06:51:00,5,Euro4,Gasoline,Gillig_104,Passenger,6.702348
6:53:46,24826000,0,0,Route4_trip151772020_06:51:00,5,Euro4,Gasoline,Gillig_104,Passenger,6.702348
6:53:47,24827000,0,0,Route4_trip151772020_06:51:00,5,Euro4,Gasoline,Gillig_104,Passenger,6.702348
6:53:48,24828000,0,0,Route4_trip151772020_06:51:00,5,Euro4,Gasoline,Gillig_104,Passenger,6.702348
6:53:49,24829000,0,0,Route4_trip151772020_06:51:00,5,Euro4,Gasoline,Gillig_104,Passenger,6.702348
6:53:50,24830000,0,0,Route4_trip151772020_06:51:00,5,Euro4,Gasoline,Gillig_104,Passenger,6.702348
6:53:51,24831000,0,0,Route4_trip151772020_06:51:00,5,Euro4,Gasoline,Gillig_104,Passenger,6.702348
6:53:52,24832000,0,0,Route4_trip151772020_06:51:00,5,Euro4,Gasoline,Gillig_104,Passenger,6.702348
6:53:53,24833000,0,0,Route4_trip151772020_06:51:00,5,Euro4,Gasoline,Gillig_104,Passenger,6.702348
6:53:54,24834000,0,0,Route4_trip151772020_06:51:00,5,Euro4,Gasoline,Gillig_104,Passenger,6.702348
6:53:55,24835000,0,0,Route4_trip151772020_06:51:00,5,Euro4,Gasoline,Gillig_104,Passenger,6.702348
6:53:56,24836000,0,0,Route4_trip151772020_06:51:00,5,Euro4,Gasoline,Gillig_104,Passenger,6.702348
6:53:57,24837000,0,0,Route4_trip151772020_06:51:00,5,Euro4,Gasoline,Gillig_104,Passenger,6.702348
6:53:58,24838000,0,4,Route4_trip151772020_06:51:00,5,Euro4,Gasoline,Gillig_104,Passenger,6.706469
6:53:59,24839000,1,7,Route4_trip151772020_06:51:00,5,Euro4,Gasoline,Gillig_104,Passenger,6.8792067
6:54:00,24840000,2,9,Route4_trip151772020_06:51:00,5,Euro4,Gasoline,Gillig_104,Passenger,7.0509768
6:54:01,24841000,17,148,Route4_trip151772020_06:51:00,5,Euro4,Gasoline,Gillig_104,Passenger,9.979898
6:54:02,24842000,67,498,Route4_trip151772020_06:51:00,5,Euro4,Gasoline,Gillig_104,Passenger,18.88009
6:54:03,24843000,68,15,Route4_trip151772020_06:51:00,5,Euro4,Gasoline,Gillig_104,Passenger,13.455832
6:54:04,24844000,143,753,Route4_trip151772020_06:51:00,5,Euro4,Gasoline,Gillig_104,Passenger,28.619444
6:54:05,24845000,237,932,Route4_trip151772020_06:51:00,5,Euro4,Gasoline,Gillig_104,Passenger,47.857258
6:54:06,24846000,346,1094,Route4_trip151772020_06:51:00,5,Euro4,Gasoline,Gillig_104,Passenger,69.08723
6:54:07,24847000,402,565,Route4_trip151772020_06:51:00,5,Euro4,Gasoline,Gillig_104,Passenger,58.539223
6:54:08,24848000,456,531,Route4_trip151772020_06:51:00,5,Euro4,Gasoline,Gillig_104,Passenger,63.140785
6:54:09,24849000,436,-199,Route4_trip151772020_06:51:00,5,Euro4,Gasoline,Gillig_104,Passenger,35.25014
6:54:10,24850000,509,736,Route4_trip151772020_06:51:00,5,Euro4,Gasoline,Gillig_104,Passenger,78.61867
6:54:11,24851000,594,847,Route4_trip151772020_06:51:00,5,Euro4,Gasoline,Gillig_104,Passenger,96.36443
6:54:12,24852000,689,952,Route4_trip151772020_06:51:00,5,Euro4,Gasoline,Gillig_104,Passenger,116.01123
6:54:13,24853000,768,785,Route4_trip151772020_06:51:00,5,Euro4,Gasoline,Gillig_104,Passenger,117.746574
6:54:14,24854000,826,579,Route4_trip151772020_06:51:00,5,Euro4,Gasoline,Gillig_104,Passenger,111.84547
6:54:15,24855000,886,607,Route4_trip151772020_06:51:00,5,Euro4,Gasoline,Gillig_104,Passenger,119.31253
6:54:16,24856000,956,698,Route4_trip151772020_06:51:00,5,Euro4,Gasoline,Gillig_104,Passenger,131.90305
6:54:17,24857000,1062,1057,Route4_trip151772020_06:51:00,5,Euro4,Gasoline,Gillig_104,Passenger,171.99652
6:54:18,24858000,1127,654,Route4_trip151772020_06:51:00,5,Euro4,Gasoline,Gillig_104,Passenger,149.09482
6:54:19,24859000,1185,581,Route4_trip151772020_06:51:00,5,Euro4,Gasoline,Gillig_104,Passenger,149.16275
6:54:20,24860000,1273,875,Route4_trip151772020_06:51:00,5,Euro4,Gasoline,Gillig_104,Passenger,183.76044
6:54:21,24861000,1334,610,Route4_trip151772020_06:51:00,5,Euro4,Gasoline,Gillig_104,Passenger,165.09833
6:54:22,24862000,1189,-1442,Route4_trip151772020_06:51:00,5,Euro4,Gasoline,Gillig_104,Passenger,24.169569
6:54:23,24863000,1061,-1287,Route4_trip151772020_06:51:00,5,Euro4,Gasoline,Gillig_104,Passenger,26.675337
6:54:24,24864000,768,-2924,Route4_trip151772020_06:51:00,5,Euro4,Gasoline,Gillig_104,Passenger,-136.82278
6:54:25,24865000,581,-1871,Route4_trip151772020_06:51:00,5,Euro4,Gasoline,Gillig_104,Passenger,-63.373383
6:54:26,24866000,412,-1684,Route4_trip151772020_06:51:00,5,Euro4,Gasoline,Gillig_104,Passenger,-27.102863
6:54:27,24867000,241,-1712,Route4_trip151772020_06:51:00,5,Euro4,Gasoline,Gillig_104,Passenger,-18.33761
6:54:28,24868000,125,-1161,Route4_trip151772020_06:51:00,5,Euro4,Gasoline,Gillig_104,Passenger,-2.1394143
6:54:29,24869000,151,260,Route4_trip151772020_06:51:00,5,Euro4,Gasoline,Gillig_104,Passenger,22.923256
6:54:30,24870000,60,-906,Route4_trip151772020_06:51:00,5,Euro4,Gasoline,Gillig_104,Passenger,2.844131
6:54:31,24871000,39,-208,Route4_trip151772020_06:51:00,5,Euro4,Gasoline,Gillig_104,Passenger,10.746223
6:54:32,24872000,19,-205,Route4_trip151772020_06:51:00,5,Euro4,Gasoline,Gillig_104,Passenger,8.93507
6:54:33,24873000,15,-37,Route4_trip151772020_06:51:00,5,Euro4,Gasoline,Gillig_104,Passenger,9.017279
6:54:34,24874000,8,-67,Route4_trip151772020_06:51:00,5,Euro4,Gasoline,Gillig_104,Passenger,7.880757
6:54:35,24875000,4,-39,Route4_trip151772020_06:51:00,5,Euro4,Gasoline,Gillig_104,Passenger,7.309116
6:54:36,24876000,12,75,Route4_trip151772020_06:51:00,5,Euro4,Gasoline,Gillig_104,Passenger,8.887516
6:54:37,24877000,21,97,Route4_trip151772020_06:51:00,5,Euro4,Gasoline,Gillig_104,Passenger,10.440552
6:54:38,24878000,106,842,Route4_trip151772020_06:51:00,5,Euro4,Gasoline,Gillig_104,Passenger,23.765059
6:54:39,24879000,179,735,Route4_trip151772020_06:51:00,5,Euro4,Gasoline,Gillig_104,Passenger,34.41075
6:54:40,24880000,255,760,Route4_trip151772020_06:51:00,5,Euro4,Gasoline,Gillig_104,Passenger,46.633675
6:54:41,24881000,314,591,Route4_trip151772020_06:51:00,5,Euro4,Gasoline,Gillig_104,Passenger,49.477573
6:54:42,24882000,296,-177,Route4_trip151772020_06:51:00,5,Euro4,Gasoline,Gillig_104,Passenger,26.0686
6:54:43,24883000,323,264,Route4_trip151772020_06:51:00,5,Euro4,Gasoline,Gillig_104,Passenger,40.83136
6:54:44,24884000,410,868,Route4_trip151772020_06:51:00,5,Euro4,Gasoline,Gillig_104,Passenger,70.61016
6:54:45,24885000,481,718,Route4_trip151772020_06:51:00,5,Euro4,Gasoline,Gillig_104,Passenger,73.66897
6:54:46,24886000,587,1059,Route4_trip151772020_06:51:00,5,Euro4,Gasoline,Gillig_104,Passenger,104.73309
6:54:47,24887000,667,794,Route4_trip151772020_06:51:00,5,Euro4,Gasoline,Gillig_104,Passenger,104.65791
6:54:48,24888000,737,698,Route4_trip151772020_06:51:00,5,Euro4,Gasoline,Gillig_104,Passenger,108.894714
6:54:49,24889000,827,900,Route4_trip151772020_06:51:00,5,Euro4,Gasoline,Gillig_104,Passenger,132.06898
6:54:50,24890000,908,816,Route4_trip151772020_06:51:00,5,Euro4,Gasoline,Gillig_104,Passenger,135.58499
6:54:51,24891000,972,639,Route4_trip151772020_06:51:00,5,Euro4,Gasoline,Gillig_104,Passenger,129.89067
6:54:52,24892000,1042,702,Route4_trip151772020_06:51:00,5,Euro4,Gasoline,Gillig_104,Passenger,142.93526
6:54:53,24893000,1098,553,Route4_trip151772020_06:51:00,5,Euro4,Gasoline,Gillig_104,Passenger,138.02936
6:54:54,24894000,1168,707,Route4_trip151772020_06:51:00,5,Euro4,Gasoline,Gillig_104,Passenger,157.87802
6:54:55,24895000,1269,1005,Route4_trip151772020_06:51:00,5,Euro4,Gasoline,Gillig_104,Passenger,194.98415
6:54:56,24896000,1326,572,Route4_trip151772020_06:51:00,5,Euro4,Gasoline,Gillig_104,Passenger,160.89049
6:54:57,24897000,1174,-1516,Route4_trip151772020_06:51:00,5,Euro4,Gasoline,Gillig_104,Passenger,19.194496
6:54:58,24898000,1249,749,Route4_trip151772020_06:51:00,5,Euro4,Gasoline,Gillig_104,Passenger,170.01775
6:54:59,24899000,1261,114,Route4_trip151772020_06:51:00,5,Euro4,Gasoline,Gillig_104,Passenger,116.69615
6:55:00,24900000,1329,686,Route4_trip151772020_06:51:00,5,Euro4,Gasoline,Gillig_104,Passenger,171.82982
6:55:01,24901000,1131,-1985,Route4_trip151772020_06:51:00,5,Euro4,Gasoline,Gillig_104,Passenger,-54.8421
6:55:02,24902000,1084,-469,Route4_trip151772020_06:51:00,5,Euro4,Gasoline,Gillig_104,Passenger,69.55631
6:55:03,24903000,889,-1947,Route4_trip151772020_06:51:00,5,Euro4,Gasoline,Gillig_104,Passenger,-79.31238
6:55:04,24904000,986,970,Route4_trip151772020_06:51:00,5,Euro4,Gasoline,Gillig_104,Passenger,154.67833
6:55:05,24905000,702,-2835,Route4_trip151772020_06:51:00,5,Euro4,Gasoline,Gillig_104,Passenger,-133.8176
6:55:06,24906000,433,-2694,Route4_trip151772020_06:51:00,5,Euro4,Gasoline,Gillig_104,Passenger,-126.395775
6:55:07,24907000,497,639,Route4_trip151772020_06:51:00,5,Euro4,Gasoline,Gillig_104,Passenger,72.98996
6:55:08,24908000,469,-279,Route4_trip151772020_06:51:00,5,Euro4,Gasoline,Gillig_104,Passenger,34.939423
6:55:09,24909000,415,-538,Route4_trip151772020_06:51:00,5,Euro4,Gasoline,Gillig_104,Passenger,22.438854
6:55:10,24910000,225,-1894,Route4_trip151772020_06:51:00,5,Euro4,Gasoline,Gillig_104,Passenger,-22.575666
6:55:11,24911000,316,908,Route4_trip151772020_06:51:00,5,Euro4,Gasoline,Gillig_104,Passenger,58.744255
6:55:12,24912000,401,851,Route4_trip151772020_06:51:00,5,Euro4,Gasoline,Gillig_104,Passenger,68.884575
6:55:13,24913000,455,540,Route4_trip151772020_06:51:00,5,Euro4,Gasoline,Gillig_104,Passenger,63.326572
6:55:14,24914000,452,-34,Route4_trip151772020_06:51:00,5,Euro4,Gasoline,Gillig_104,Passenger,42.42688
6:55:15,24915000,505,536,Route4_trip151772020_06:51:00,5,Euro4,Gasoline,Gillig_104,Passenger,70.04246
6:55:16,24916000,601,955,Route4_trip151772020_06:51:00,5,Euro4,Gasoline,Gillig_104,Passenger,102.37023
6:55:17,24917000,666,647,Route4_trip151772020_06:51:00,5,Euro4,Gasoline,Gillig_104,Passenger,96.99471
6:55:18,24918000,773,1072,Route4_trip151772020_06:51:00,5,Euro4,Gasoline,Gillig_104,Passenger,135.19733
6:55:19,24919000,832,590,Route4_trip151772020_06:51:00,5,Euro4,Gasoline,Gillig_104,Passenger,113.132454
6:55:20,24920000,900,685,Route4_trip151772020_06:51:00,5,Euro4,Gasoline,Gillig_104,Passenger,125.84959
6:55:21,24921000,765,-1354,Route4_trip151772020_06:51:00,5,Euro4,Gasoline,Gillig_104,Passenger,4.2716365
6:55:22,24922000,836,713,Route4_trip151772020_06:51:00,5,Euro4,Gasoline,Gillig_104,Passenger,121.321815
6:55:23,24923000,935,992,Route4_trip151772020_06:51:00,5,Euro4,Gasoline,Gillig_104,Passenger,150.64145
6:55:24,24924000,908,-275,Route4_trip151772020_06:51:00,5,Euro4,Gasoline,Gillig_104,Passenger,62.311066
6:55:25,24925000,914,60,Route4_trip151772020_06:51:00,5,Euro4,Gasoline,Gillig_104,Passenger,84.99734
6:55:26,24926000,918,45,Route4_trip151772020_06:51:00,5,Euro4,Gasoline,Gillig_104,Passenger,84.36224
6:55:27,24927000,942,241,Route4_trip151772020_06:51:00,5,Euro4,Gasoline,Gillig_104,Passenger,99.659256
6:55:28,24928000,1048,1057,Route4_trip151772020_06:51:00,5,Euro4,Gasoline,Gillig_104,Passenger,169.96179
6:55:29,24929000,1126,783,Route4_trip151772020_06:51:00,5,Euro4,Gasoline,Gillig_104,Passenger,159.25078
6:55:30,24930000,1223,972,Route4_trip151772020_06:51:00,5,Euro4,Gasoline,Gillig_104,Passenger,186.59286
6:55:31,24931000,1303,795,Route4_trip151772020_06:51:00,5,Euro4,Gasoline,Gillig_104,Passenger,179.56555
6:55:32,24932000,1368,647,Route4_trip151772020_06:51:00,5,Euro4,Gasoline,Gillig_104,Passenger,171.32227
6:55:33,24933000,1441,735,Route4_trip151772020_06:51:00,5,Euro4,Gasoline,Gillig_104,Passenger,185.54625
6:55:34,24934000,1524,827,Route4_trip151772020_06:51:00,5,Euro4,Gasoline,Gillig_104,Passenger,200.86182
6:55:35,24935000,1604,808,Route4_trip151772020_06:51:00,5,Euro4,Gasoline,Gillig_104,Passenger,203.2485
6:55:36,24936000,1713,1083,Route4_trip151772020_06:51:00,5,Euro4,Gasoline,Gillig_104,Passenger,240.47464
6:55:37,24937000,1663,-492,Route4_trip151772020_06:51:00,5,Euro4,Gasoline,Gillig_104,Passenger,107.81846
6:55:38,24938000,1271,-3928,Route4_trip151772020_06:51:00,5,Euro4,Gasoline,Gillig_104,Passenger,-139.37051
6:55:39,24939000,899,-3720,Route4_trip151772020_06:51:00,5,Euro4,Gasoline,Gillig_104,Passenger,-139.37051
6:55:40,24940000,482,-4165,Route4_trip151772020_06:51:00,5,Euro4,Gasoline,Gillig_104,Passenger,-139.37051
6:55:41,24941000,52,-4299,Route4_trip151772020_06:51:00,5,Euro4,Gasoline,Gillig_104,Passenger,-97.46276
6:55:42,24942000,4,-474,Route4_trip151772020_06:51:00,5,Euro4,Gasoline,Gillig_104,Passenger,6.595581
6:55:43,24943000,1,-32,Route4_trip151772020_06:51:00,5,Euro4,Gasoline,Gillig_104,Passenger,6.833081
6:55:44,24944000,0,-7,Route4_trip151772020_06:51:00,5,Euro4,Gasoline,Gillig_104,Passenger,6.6951365
6:55:45,24945000,0,-2,Route4_trip151772020_06:51:00,5,Euro4,Gasoline,Gillig_104,Passenger,6.700288
6:55:46,24946000,0,0,Route4_trip151772020_06:51:00,5,Euro4,Gasoline,Gillig_104,Passenger,6.702348
6:55:47,24947000,0,0,Route4_trip151772020_06:51:00,5,Euro4,Gasoline,Gillig_104,Passenger,6.702348
6:55:48,24948000,0,0,Route4_trip151772020_06:51:00,5,Euro4,Gasoline,Gillig_104,Passenger,6.702348
6:55:49,24949000,0,0,Route4_trip151772020_06:51:00,5,Euro4,Gasoline,Gillig_104,Passenger,6.702348
6:55:50,24950000,0,0,Route4_trip151772020_06:51:00,5,Euro4,Gasoline,Gillig_104,Passenger,6.702348
6:55:51,24951000,0,0,Route4_trip151772020_06:51:00,5,Euro4,Gasoline,Gillig_104,Passenger,6.702348
6:55:52,24952000,0,0,Route4_trip151772020_06:51:00,5,Euro4,Gasoline,Gillig_104,Passenger,6.702348
6:55:53,24953000,0,0,Route4_trip151772020_06:51:00,5,Euro4,Gasoline,Gillig_104,Passenger,6.702348
6:55:54,24954000,0,0,Route4_trip151772020_06:51:00,5,Euro4,Gasoline,Gillig_104,Passenger,6.702348
6:55:55,24955000,0,0,Route4_trip151772020_06:51:00,5,Euro4,Gasoline,Gillig_104,Passenger,6.702348
6:55:56,24956000,0,0,Route4_trip151772020_06:51:00,5,Euro4,Gasoline,Gillig_104,Passenger,6.702348
6:55:57,24957000,0,0,Route4_trip151772020_06:51:00,5,Euro4,Gasoline,Gillig_104,Passenger,6.702348
6:55:58,24958000,0,0,Route4_trip151772020_06:51:00,5,Euro4,Gasoline,Gillig_104,Passenger,6.702348
6:55:59,24959000,0,0,Route4_trip151772020_06:51:00,5,Euro4,Gasoline,Gillig_104,Passenger,6.702348
6:56:00,24960000,0,0,Route4_trip151772020_06:51:00,5,Euro4,Gasoline,Gillig_104,Passenger,6.702348
6:56:01,24961000,0,0,Route4_trip151772020_06:51:00,5,Euro4,Gasoline,Gillig_104,Passenger,6.702348
6:56:02,24962000,0,0,Route4_trip151772020_06:51:00,5,Euro4,Gasoline,Gillig_104,Passenger,6.702348
6:56:03,24963000,0,0,Route4_trip151772020_06:51:00,5,Euro4,Gasoline,Gillig_104,Passenger,6.702348
6:56:04,24964000,0,0,Route4_trip151772020_06:51:00,5,Euro4,Gasoline,Gillig_104,Passenger,6.702348
6:56:05,24965000,0,0,Route4_trip151772020_06:51:00,5,Euro4,Gasoline,Gillig_104,Passenger,6.702348
6:56:06,24966000,0,0,Route4_trip151772020_06:51:00,5,Euro4,Gasoline,Gillig_104,Passenger,6.702348
6:56:07,24967000,0,0,Route4_trip151772020_06:51:00,5,Euro4,Gasoline,Gillig_104,Passenger,6.702348
6:56:08,24968000,0,0,Route4_trip151772020_06:51:00,5,Euro4,Gasoline,Gillig_104,Passenger,6.702348
6:56:09,24969000,0,0,Route4_trip151772020_06:51:00,5,Euro4,Gasoline,Gillig_104,Passenger,6.702348
6:56:10,24970000,0,0,Route4_trip151772020_06:51:00,5,Euro4,Gasoline,Gillig_104,Passenger,6.702348
6:56:11,24971000,0,0,Route4_trip151772020_06:51:00,5,Euro4,Gasoline,Gillig_104,Passenger,6.702348
6:56:12,24972000,0,0,Route4_trip151772020_06:51:00,5,Euro4,Gasoline,Gillig_104,Passenger,6.702348
6:56:13,24973000,0,0,Route4_trip151772020_06:51:00,5,Euro4,Gasoline,Gillig_104,Passenger,6.702348
6:56:14,24974000,0,0,Route4_trip151772020_06:51:00,5,Euro4,Gasoline,Gillig_104,Passenger,6.702348
6:56:15,24975000,0,0,Route4_trip151772020_06:51:00,5,Euro4,Gasoline,Gillig_104,Passenger,6.702348
6:56:16,24976000,0,0,Route4_trip151772020_06:51:00,5,Euro4,Gasoline,Gillig_104,Passenger,6.702348
6:56:17,24977000,0,0,Route4_trip151772020_06:51:00,5,Euro4,Gasoline,Gillig_104,Passenger,6.702348
6:56:18,24978000,0,0,Route4_trip151772020_06:51:00,5,Euro4,Gasoline,Gillig_104,Passenger,6.702348
6:56:19,24979000,0,0,Route4_trip151772020_06:51:00,5,Euro4,Gasoline,Gillig_104,Passenger,6.702348
6:56:20,24980000,0,0,Route4_trip151772020_06:51:00,5,Euro4,Gasoline,Gillig_104,Passenger,6.702348
6:56:21,24981000,0,0,Route4_trip151772020_06:51:00,5,Euro4,Gasoline,Gillig_104,Passenger,6.702348
6:56:22,24982000,0,0,Route4_trip151772020_06:51:00,5,Euro4,Gasoline,Gillig_104,Passenger,6.702348
6:56:23,24983000,0,0,Route4_trip151772020_06:51:00,5,Euro4,Gasoline,Gillig_104,Passenger,6.702348
6:56:24,24984000,0,0,Route4_trip151772020_06:51:00,5,Euro4,Gasoline,Gillig_104,Passenger,6.702348
6:56:25,24985000,0,0,Route4_trip151772020_06:51:00,5,Euro4,Gasoline,Gillig_104,Passenger,6.702348
6:56:26,24986000,0,0,Route4_trip151772020_06:51:00,5,Euro4,Gasoline,Gillig_104,Passenger,6.702348
6:56:27,24987000,0,0,Route4_trip151772020_06:51:00,5,Euro4,Gasoline,Gillig_104,Passenger,6.702348
6:56:28,24988000,0,0,Route4_trip151772020_06:51:00,5,Euro4,Gasoline,Gillig_104,Passenger,6.702348
6:56:29,24989000,0,0,Route4_trip151772020_06:51:00,5,Euro4,Gasoline,Gillig_104,Passenger,6.702348
6:56:30,24990000,0,0,Route4_trip151772020_06:51:00,5,Euro4,Gasoline,Gillig_104,Passenger,6.702348
6:56:31,24991000,0,0,Route4_trip151772020_06:51:00,5,Euro4,Gasoline,Gillig_104,Passenger,6.702348
6:56:32,24992000,0,0,Route4_trip151772020_06:51:00,5,Euro4,Gasoline,Gillig_104,Passenger,6.702348
6:56:33,24993000,0,0,Route4_trip151772020_06:51:00,5,Euro4,Gasoline,Gillig_104,Passenger,6.702348
6:56:34,24994000,0,0,Route4_trip151772020_06:51:00,5,Euro4,Gasoline,Gillig_104,Passenger,6.702348
6:56:35,24995000,0,0,Route4_trip151772020_06:51:00,5,Euro4,Gasoline,Gillig_104,Passenger,6.702348
6:56:36,24996000,0,0,Route4_trip151772020_06:51:00,5,Euro4,Gasoline,Gillig_104,Passenger,6.702348
6:56:37,24997000,0,0,Route4_trip151772020_06:51:00,5,Euro4,Gasoline,Gillig_104,Passenger,6.702348
6:56:38,24998000,0,0,Route4_trip151772020_06:51:00,5,Euro4,Gasoline,Gillig_104,Passenger,6.702348
6:56:39,24999000,0,0,Route4_trip151772020_06:51:00,5,Euro4,Gasoline,Gillig_104,Passenger,6.702348
6:56:40,25000000,0,0,Route4_trip151772020_06:51:00,5,Euro4,Gasoline,Gillig_104,Passenger,6.702348
6:56:41,25001000,0,0,Route4_trip151772020_06:51:00,5,Euro4,Gasoline,Gillig_104,Passenger,6.702348
6:56:42,25002000,0,0,Route4_trip151772020_06:51:00,5,Euro4,Gasoline,Gillig_104,Passenger,6.702348
6:56:43,25003000,0,0,Route4_trip151772020_06:51:00,5,Euro4,Gasoline,Gillig_104,Passenger,6.702348
6:56:44,25004000,0,0,Route4_trip151772020_06:51:00,5,Euro4,Gasoline,Gillig_104,Passenger,6.702348
6:56:45,25005000,0,0,Route4_trip151772020_06:51:00,5,Euro4,Gasoline,Gillig_104,Passenger,6.702348
6:56:46,25006000,0,0,Route4_trip151772020_06:51:00,5,Euro4,Gasoline,Gillig_104,Passenger,6.702348
6:56:47,25007000,0,0,Route4_trip151772020_06:51:00,5,Euro4,Gasoline,Gillig_104,Passenger,6.702348
6:56:48,25008000,0,0,Route4_trip151772020_06:51:00,5,Euro4,Gasoline,Gillig_104,Passenger,6.702348
6:56:49,25009000,0,0,Route4_trip151772020_06:51:00,5,Euro4,Gasoline,Gillig_104,Passenger,6.702348
6:56:50,25010000,0,0,Route4_trip151772020_06:51:00,5,Euro4,Gasoline,Gillig_104,Passenger,6.702348
6:56:51,25011000,0,0,Route4_trip151772020_06:51:00,5,Euro4,Gasoline,Gillig_104,Passenger,6.702348
6:56:52,25012000,0,0,Route4_trip151772020_06:51:00,5,Euro4,Gasoline,Gillig_104,Passenger,6.702348
6:56:53,25013000,0,0,Route4_trip151772020_06:51:00,5,Euro4,Gasoline,Gillig_104,Passenger,6.702348
6:56:54,25014000,0,0,Route4_trip151772020_06:51:00,5,Euro4,Gasoline,Gillig_104,Passenger,6.702348
6:56:55,25015000,0,0,Route4_trip151772020_06:51:00,5,Euro4,Gasoline,Gillig_104,Passenger,6.702348
6:56:56,25016000,0,0,Route4_trip151772020_06:51:00,5,Euro4,Gasoline,Gillig_104,Passenger,6.702348
6:56:57,25017000,0,0,Route4_trip151772020_06:51:00,5,Euro4,Gasoline,Gillig_104,Passenger,6.702348
6:56:58,25018000,0,0,Route4_trip151772020_06:51:00,5,Euro4,Gasoline,Gillig_104,Passenger,6.702348
6:56:59,25019000,0,0,Route4_trip151772020_06:51:00,5,Euro4,Gasoline,Gillig_104,Passenger,6.702348
6:57:00,25020000,0,0,Route4_trip151772020_06:51:00,5,Euro4,Gasoline,Gillig_104,Passenger,6.702348
6:57:01,25021000,0,0,Route4_trip151772020_06:51:00,5,Euro4,Gasoline,Gillig_104,Passenger,6.702348
6:57:02,25022000,0,0,Route4_trip151772020_06:51:00,5,Euro4,Gasoline,Gillig_104,Passenger,6.702348
6:57:03,25023000,0,0,Route4_trip151772020_06:51:00,5,Euro4,Gasoline,Gillig_104,Passenger,6.702348
6:57:04,25024000,0,0,Route4_trip151772020_06:51:00,5,Euro4,Gasoline,Gillig_104,Passenger,6.702348
6:57:05,25025000,0,0,Route4_trip151772020_06:51:00,5,Euro4,Gasoline,Gillig_104,Passenger,6.702348
6:57:06,25026000,0,0,Route4_trip151772020_06:51:00,5,Euro4,Gasoline,Gillig_104,Passenger,6.702348
6:57:07,25027000,0,0,Route4_trip151772020_06:51:00,5,Euro4,Gasoline,Gillig_104,Passenger,6.702348
6:57:08,25028000,0,0,Route4_trip151772020_06:51:00,5,Euro4,Gasoline,Gillig_104,Passenger,6.702348
6:57:09,25029000,0,0,Route4_trip151772020_06:51:00,5,Euro4,Gasoline,Gillig_104,Passenger,6.702348
6:57:10,25030000,0,0,Route4_trip151772020_06:51:00,5,Euro4,Gasoline,Gillig_104,Passenger,6.702348
6:57:11,25031000,0,0,Route4_trip151772020_06:51:00,5,Euro4,Gasoline,Gillig_104,Passenger,6.702348
6:57:12,25032000,0,0,Route4_trip151772020_06:51:00,5,Euro4,Gasoline,Gillig_104,Passenger,6.702348
6:57:13,25033000,0,0,Route4_trip151772020_06:51:00,5,Euro4,Gasoline,Gillig_104,Passenger,6.702348
6:57:14,25034000,0,0,Route4_trip151772020_06:51:00,5,Euro4,Gasoline,Gillig_104,Passenger,6.702348
6:57:15,25035000,0,0,Route4_trip151772020_06:51:00,5,Euro4,Gasoline,Gillig_104,Passenger,6.702348
6:57:16,25036000,0,0,Route4_trip151772020_06:51:00,5,Euro4,Gasoline,Gillig_104,Passenger,6.702348
6:57:17,25037000,0,0,Route4_trip151772020_06:51:00,5,Euro4,Gasoline,Gillig_104,Passenger,6.702348
6:57:18,25038000,0,0,Route4_trip151772020_06:51:00,5,Euro4,Gasoline,Gillig_104,Passenger,6.702348
6:57:19,25039000,0,0,Route4_trip151772020_06:51:00,5,Euro4,Gasoline,Gillig_104,Passenger,6.702348
6:57:20,25040000,0,0,Route4_trip151772020_06:51:00,5,Euro4,Gasoline,Gillig_104,Passenger,6.702348
6:57:21,25041000,0,0,Route4_trip151772020_06:51:00,5,Euro4,Gasoline,Gillig_104,Passenger,6.702348
6:57:22,25042000,0,0,Route4_trip151772020_06:51:00,5,Euro4,Gasoline,Gillig_104,Passenger,6.702348
6:57:23,25043000,0,0,Route4_trip151772020_06:51:00,5,Euro4,Gasoline,Gillig_104,Passenger,6.702348
6:57:24,25044000,0,0,Route4_trip151772020_06:51:00,5,Euro4,Gasoline,Gillig_104,Passenger,6.702348
6:57:25,25045000,0,0,Route4_trip151772020_06:51:00,5,Euro4,Gasoline,Gillig_104,Passenger,6.702348
6:57:26,25046000,0,0,Route4_trip151772020_06:51:00,5,Euro4,Gasoline,Gillig_104,Passenger,6.702348
6:57:27,25047000,0,0,Route4_trip151772020_06:51:00,5,Euro4,Gasoline,Gillig_104,Passenger,6.702348
6:57:28,25048000,0,0,Route4_trip151772020_06:51:00,5,Euro4,Gasoline,Gillig_104,Passenger,6.702348
6:57:29,25049000,0,0,Route4_trip151772020_06:51:00,5,Euro4,Gasoline,Gillig_104,Passenger,6.702348
6:57:30,25050000,0,0,Route4_trip151772020_06:51:00,5,Euro4,Gasoline,Gillig_104,Passenger,6.702348
6:57:31,25051000,0,0,Route4_trip151772020_06:51:00,5,Euro4,Gasoline,Gillig_104,Passenger,6.702348
6:57:32,25052000,0,0,Route4_trip151772020_06:51:00,5,Euro4,Gasoline,Gillig_104,Passenger,6.702348
6:57:33,25053000,0,0,Route4_trip151772020_06:51:00,5,Euro4,Gasoline,Gillig_104,Passenger,6.702348
6:57:34,25054000,0,0,Route4_trip151772020_06:51:00,5,Euro4,Gasoline,Gillig_104,Passenger,6.702348
6:57:35,25055000,0,0,Route4_trip151772020_06:51:00,5,Euro4,Gasoline,Gillig_104,Passenger,6.702348
6:57:36,25056000,0,0,Route4_trip151772020_06:51:00,5,Euro4,Gasoline,Gillig_104,Passenger,6.702348
6:57:37,25057000,0,0,Route4_trip151772020_06:51:00,5,Euro4,Gasoline,Gillig_104,Passenger,6.702348
6:57:38,25058000,0,0,Route4_trip151772020_06:51:00,5,Euro4,Gasoline,Gillig_104,Passenger,6.702348
6:57:39,25059000,0,0,Route4_trip151772020_06:51:00,5,Euro4,Gasoline,Gillig_104,Passenger,6.702348
6:57:40,25060000,0,0,Route4_trip151772020_06:51:00,5,Euro4,Gasoline,Gillig_104,Passenger,6.702348
6:57:41,25061000,0,0,Route4_trip151772020_06:51:00,5,Euro4,Gasoline,Gillig_104,Passenger,6.702348
6:57:42,25062000,0,0,Route4_trip151772020_06:51:00,5,Euro4,Gasoline,Gillig_104,Passenger,6.702348
6:57:43,25063000,0,0,Route4_trip151772020_06:51:00,5,Euro4,Gasoline,Gillig_104,Passenger,6.702348
6:57:44,25064000,0,0,Route4_trip151772020_06:51:00,5,Euro4,Gasoline,Gillig_104,Passenger,6.702348
6:57:45,25065000,0,0,Route4_trip151772020_06:51:00,5,Euro4,Gasoline,Gillig_104,Passenger,6.702348
6:57:46,25066000,0,0,Route4_trip151772020_06:51:00,5,Euro4,Gasoline,Gillig_104,Passenger,6.702348
6:57:47,25067000,0,0,Route4_trip151772020_06:51:00,5,Euro4,Gasoline,Gillig_104,Passenger,6.702348
6:57:48,25068000,0,0,Route4_trip151772020_06:51:00,5,Euro4,Gasoline,Gillig_104,Passenger,6.702348
6:57:49,25069000,0,0,Route4_trip151772020_06:51:00,5,Euro4,Gasoline,Gillig_104,Passenger,6.702348
6:57:50,25070000,0,0,Route4_trip151772020_06:51:00,5,Euro4,Gasoline,Gillig_104,Passenger,6.702348
6:57:51,25071000,0,0,Route4_trip151772020_06:51:00,5,Euro4,Gasoline,Gillig_104,Passenger,6.702348
6:57:52,25072000,0,0,Route4_trip151772020_06:51:00,5,Euro4,Gasoline,Gillig_104,Passenger,6.702348
6:57:53,25073000,0,0,Route4_trip151772020_06:51:00,5,Euro4,Gasoline,Gillig_104,Passenger,6.702348
6:57:54,25074000,0,0,Route4_trip151772020_06:51:00,5,Euro4,Gasoline,Gillig_104,Passenger,6.702348
6:57:55,25075000,0,0,Route4_trip151772020_06:51:00,5,Euro4,Gasoline,Gillig_104,Passenger,6.702348
6:57:56,25076000,0,0,Route4_trip151772020_06:51:00,5,Euro4,Gasoline,Gillig_104,Passenger,6.702348
6:57:57,25077000,0,0,Route4_trip151772020_06:51:00,5,Euro4,Gasoline,Gillig_104,Passenger,6.702348
6:57:58,25078000,0,0,Route4_trip151772020_06:51:00,5,Euro4,Gasoline,Gillig_104,Passenger,6.702348
6:57:59,25079000,0,0,Route4_trip151772020_06:51:00,5,Euro4,Gasoline,Gillig_104,Passenger,6.702348
6:58:00,25080000,0,0,Route4_trip151772020_06:51:00,5,Euro4,Gasoline,Gillig_104,Passenger,6.702348
6:58:01,25081000,0,0,Route4_trip151772020_06:51:00,5,Euro4,Gasoline,Gillig_104,Passenger,6.702348
6:58:02,25082000,0,0,Route4_trip151772020_06:51:00,5,Euro4,Gasoline,Gillig_104,Passenger,6.702348
6:58:03,25083000,0,0,Route4_trip151772020_06:51:00,5,Euro4,Gasoline,Gillig_104,Passenger,6.702348
6:58:04,25084000,0,0,Route4_trip151772020_06:51:00,5,Euro4,Gasoline,Gillig_104,Passenger,6.702348
6:58:05,25085000,0,0,Route4_trip151772020_06:51:00,5,Euro4,Gasoline,Gillig_104,Passenger,6.702348
6:58:06,25086000,0,0,Route4_trip151772020_06:51:00,5,Euro4,Gasoline,Gillig_104,Passenger,6.702348
6:58:07,25087000,0,0,Route4_trip151772020_06:51:00,5,Euro4,Gasoline,Gillig_104,Passenger,6.702348
6:58:08,25088000,0,0,Route4_trip151772020_06:51:00,5,Euro4,Gasoline,Gillig_104,Passenger,6.702348
6:58:09,25089000,0,0,Route4_trip151772020_06:51:00,5,Euro4,Gasoline,Gillig_104,Passenger,6.702348
6:58:10,25090000,0,0,Route4_trip151772020_06:51:00,5,Euro4,Gasoline,Gillig_104,Passenger,6.702348
6:58:11,25091000,0,0,Route4_trip151772020_06:51:00,5,Euro4,Gasoline,Gillig_104,Passenger,6.702348
6:58:12,25092000,0,0,Route4_trip151772020_06:51:00,5,Euro4,Gasoline,Gillig_104,Passenger,6.702348
6:58:13,25093000,0,0,Route4_trip151772020_06:51:00,5,Euro4,Gasoline,Gillig_104,Passenger,6.702348
6:58:14,25094000,0,0,Route4_trip151772020_06:51:00,5,Euro4,Gasoline,Gillig_104,Passenger,6.702348
6:58:15,25095000,0,0,Route4_trip151772020_06:51:00,5,Euro4,Gasoline,Gillig_104,Passenger,6.702348
6:58:16,25096000,0,0,Route4_trip151772020_06:51:00,5,Euro4,Gasoline,Gillig_104,Passenger,6.702348
6:58:17,25097000,0,0,Route4_trip151772020_06:51:00,5,Euro4,Gasoline,Gillig_104,Passenger,6.702348
6:58:18,25098000,0,0,Route4_trip151772020_06:51:00,5,Euro4,Gasoline,Gillig_104,Passenger,6.702348
6:58:19,25099000,0,0,Route4_trip151772020_06:51:00,5,Euro4,Gasoline,Gillig_104,Passenger,6.702348
6:58:20,25100000,0,0,Route4_trip151772020_06:51:00,5,Euro4,Gasoline,Gillig_104,Passenger,6.702348
6:58:21,25101000,0,0,Route4_trip151772020_06:51:00,5,Euro4,Gasoline,Gillig_104,Passenger,6.702348
6:58:22,25102000,0,0,Route4_trip151772020_06:51:00,5,Euro4,Gasoline,Gillig_104,Passenger,6.702348
6:58:23,25103000,0,0,Route4_trip151772020_06:51:00,5,Euro4,Gasoline,Gillig_104,Passenger,6.702348
6:58:24,25104000,0,0,Route4_trip151772020_06:51:00,5,Euro4,Gasoline,Gillig_104,Passenger,6.702348
6:58:25,25105000,0,0,Route4_trip151772020_06:51:00,5,Euro4,Gasoline,Gillig_104,Passenger,6.702348
6:58:26,25106000,0,0,Route4_trip151772020_06:51:00,5,Euro4,Gasoline,Gillig_104,Passenger,6.702348
6:58:27,25107000,0,0,Route4_trip151772020_06:51:00,5,Euro4,Gasoline,Gillig_104,Passenger,6.702348
6:58:28,25108000,0,0,Route4_trip151772020_06:51:00,5,Euro4,Gasoline,Gillig_104,Passenger,6.702348
6:58:29,25109000,0,0,Route4_trip151772020_06:51:00,5,Euro4,Gasoline,Gillig_104,Passenger,6.702348
6:58:30,25110000,0,0,Route4_trip151772020_06:51:00,5,Euro4,Gasoline,Gillig_104,Passenger,6.702348
6:58:31,25111000,0,0,Route4_trip151772020_06:51:00,5,Euro4,Gasoline,Gillig_104,Passenger,6.702348
6:58:32,25112000,0,0,Route4_trip151772020_06:51:00,5,Euro4,Gasoline,Gillig_104,Passenger,6.702348
6:58:33,25113000,0,0,Route4_trip151772020_06:51:00,5,Euro4,Gasoline,Gillig_104,Passenger,6.702348
6:58:34,25114000,0,0,Route4_trip151772020_06:51:00,5,Euro4,Gasoline,Gillig_104,Passenger,6.702348
6:58:35,25115000,0,0,Route4_trip151772020_06:51:00,5,Euro4,Gasoline,Gillig_104,Passenger,6.702348
6:58:36,25116000,0,0,Route4_trip151772020_06:51:00,5,Euro4,Gasoline,Gillig_104,Passenger,6.702348
6:58:37,25117000,0,0,Route4_trip151772020_06:51:00,5,Euro4,Gasoline,Gillig_104,Passenger,6.702348
6:58:38,25118000,0,0,Route4_trip151772020_06:51:00,5,Euro4,Gasoline,Gillig_104,Passenger,6.702348
6:58:39,25119000,0,0,Route4_trip151772020_06:51:00,5,Euro4,Gasoline,Gillig_104,Passenger,6.702348
6:58:40,25120000,0,0,Route4_trip151772020_06:51:00,5,Euro4,Gasoline,Gillig_104,Passenger,6.702348
6:58:41,25121000,0,0,Route4_trip151772020_06:51:00,5,Euro4,Gasoline,Gillig_104,Passenger,6.702348
6:58:42,25122000,0,0,Route4_trip151772020_06:51:00,5,Euro4,Gasoline,Gillig_104,Passenger,6.702348
6:58:43,25123000,0,0,Route4_trip151772020_06:51:00,5,Euro4,Gasoline,Gillig_104,Passenger,6.702348
6:58:44,25124000,0,0,Route4_trip151772020_06:51:00,5,Euro4,Gasoline,Gillig_104,Passenger,6.702348
6:58:45,25125000,0,0,Route4_trip151772020_06:51:00,5,Euro4,Gasoline,Gillig_104,Passenger,6.702348
6:58:46,25126000,0,0,Route4_trip151772020_06:51:00,5,Euro4,Gasoline,Gillig_104,Passenger,6.702348
6:58:47,25127000,0,0,Route4_trip151772020_06:51:00,5,Euro4,Gasoline,Gillig_104,Passenger,6.702348
6:58:48,25128000,0,0,Route4_trip151772020_06:51:00,5,Euro4,Gasoline,Gillig_104,Passenger,6.702348
6:58:49,25129000,0,0,Route4_trip151772020_06:51:00,5,Euro4,Gasoline,Gillig_104,Passenger,6.702348
6:58:50,25130000,0,0,Route4_trip151772020_06:51:00,5,Euro4,Gasoline,Gillig_104,Passenger,6.702348
6:58:51,25131000,0,0,Route4_trip151772020_06:51:00,5,Euro4,Gasoline,Gillig_104,Passenger,6.702348
6:58:52,25132000,0,0,Route4_trip151772020_06:51:00,5,Euro4,Gasoline,Gillig_104,Passenger,6.702348
6:58:53,25133000,0,0,Route4_trip151772020_06:51:00,5,Euro4,Gasoline,Gillig_104,Passenger,6.702348
6:58:54,25134000,0,0,Route4_trip151772020_06:51:00,5,Euro4,Gasoline,Gillig_104,Passenger,6.702348
6:58:55,25135000,0,0,Route4_trip151772020_06:51:00,5,Euro4,Gasoline,Gillig_104,Passenger,6.702348
6:58:56,25136000,0,0,Route4_trip151772020_06:51:00,5,Euro4,Gasoline,Gillig_104,Passenger,6.702348
6:58:57,25137000,0,0,Route4_trip151772020_06:51:00,5,Euro4,Gasoline,Gillig_104,Passenger,6.702348
6:58:58,25138000,0,0,Route4_trip151772020_06:51:00,5,Euro4,Gasoline,Gillig_104,Passenger,6.702348
6:58:59,25139000,0,0,Route4_trip151772020_06:51:00,5,Euro4,Gasoline,Gillig_104,Passenger,6.702348
6:59:00,25140000,0,0,Route4_trip151772020_06:51:00,5,Euro4,Gasoline,Gillig_104,Passenger,6.702348
6:59:01,25141000,0,0,Route4_trip151772020_06:51:00,5,Euro4,Gasoline,Gillig_104,Passenger,6.702348
6:59:02,25142000,0,0,Route4_trip151772020_06:51:00,5,Euro4,Gasoline,Gillig_104,Passenger,6.702348
6:59:03,25143000,0,0,Route4_trip151772020_06:51:00,5,Euro4,Gasoline,Gillig_104,Passenger,6.702348
6:59:04,25144000,0,0,Route4_trip151772020_06:51:00,5,Euro4,Gasoline,Gillig_104,Passenger,6.702348
6:59:05,25145000,0,0,Route4_trip151772020_06:51:00,5,Euro4,Gasoline,Gillig_104,Passenger,6.702348
6:59:06,25146000,0,0,Route4_trip151772020_06:51:00,5,Euro4,Gasoline,Gillig_104,Passenger,6.702348
6:59:07,25147000,0,0,Route4_trip151772020_06:51:00,5,Euro4,Gasoline,Gillig_104,Passenger,6.702348
6:59:08,25148000,0,0,Route4_trip151772020_06:51:00,5,Euro4,Gasoline,Gillig_104,Passenger,6.702348
6:59:09,25149000,0,0,Route4_trip151772020_06:51:00,5,Euro4,Gasoline,Gillig_104,Passenger,6.702348
6:59:10,25150000,0,0,Route4_trip151772020_06:51:00,5,Euro4,Gasoline,Gillig_104,Passenger,6.702348
6:59:11,25151000,0,0,Route4_trip151772020_06:51:00,5,Euro4,Gasoline,Gillig_104,Passenger,6.702348
6:59:12,25152000,0,0,Route4_trip151772020_06:51:00,5,Euro4,Gasoline,Gillig_104,Passenger,6.702348
6:59:13,25153000,0,0,Route4_trip151772020_06:51:00,5,Euro4,Gasoline,Gillig_104,Passenger,6.702348
6:59:14,25154000,0,0,Route4_trip151772020_06:51:00,5,Euro4,Gasoline,Gillig_104,Passenger,6.702348
6:59:15,25155000,0,0,Route4_trip151772020_06:51:00,5,Euro4,Gasoline,Gillig_104,Passenger,6.702348
6:59:16,25156000,0,0,Route4_trip151772020_06:51:00,5,Euro4,Gasoline,Gillig_104,Passenger,6.702348
6:59:17,25157000,0,0,Route4_trip151772020_06:51:00,5,Euro4,Gasoline,Gillig_104,Passenger,6.702348
6:59:18,25158000,0,0,Route4_trip151772020_06:51:00,5,Euro4,Gasoline,Gillig_104,Passenger,6.702348
6:59:19,25159000,0,0,Route4_trip151772020_06:51:00,5,Euro4,Gasoline,Gillig_104,Passenger,6.702348
6:59:20,25160000,0,0,Route4_trip151772020_06:51:00,5,Euro4,Gasoline,Gillig_104,Passenger,6.702348
6:59:21,25161000,0,0,Route4_trip151772020_06:51:00,5,Euro4,Gasoline,Gillig_104,Passenger,6.702348
6:59:22,25162000,0,0,Route4_trip151772020_06:51:00,5,Euro4,Gasoline,Gillig_104,Passenger,6.702348
6:59:23,25163000,0,0,Route4_trip151772020_06:51:00,5,Euro4,Gasoline,Gillig_104,Passenger,6.702348
6:59:24,25164000,0,0,Route4_trip151772020_06:51:00,5,Euro4,Gasoline,Gillig_104,Passenger,6.702348
6:59:25,25165000,0,0,Route4_trip151772020_06:51:00,5,Euro4,Gasoline,Gillig_104,Passenger,6.702348
6:59:26,25166000,0,0,Route4_trip151772020_06:51:00,5,Euro4,Gasoline,Gillig_104,Passenger,6.702348
6:59:27,25167000,0,0,Route4_trip151772020_06:51:00,5,Euro4,Gasoline,Gillig_104,Passenger,6.702348
6:59:28,25168000,0,0,Route4_trip151772020_06:51:00,5,Euro4,Gasoline,Gillig_104,Passenger,6.702348
6:59:29,25169000,0,0,Route4_trip151772020_06:51:00,5,Euro4,Gasoline,Gillig_104,Passenger,6.702348
6:59:30,25170000,0,0,Route4_trip151772020_06:51:00,5,Euro4,Gasoline,Gillig_104,Passenger,6.702348
6:59:31,25171000,0,0,Route4_trip151772020_06:51:00,5,Euro4,Gasoline,Gillig_104,Passenger,6.702348
6:59:32,25172000,0,0,Route4_trip151772020_06:51:00,5,Euro4,Gasoline,Gillig_104,Passenger,6.702348
6:59:33,25173000,0,0,Route4_trip151772020_06:51:00,5,Euro4,Gasoline,Gillig_104,Passenger,6.702348
6:59:34,25174000,0,0,Route4_trip151772020_06:51:00,5,Euro4,Gasoline,Gillig_104,Passenger,6.702348
6:59:35,25175000,0,0,Route4_trip151772020_06:51:00,5,Euro4,Gasoline,Gillig_104,Passenger,6.702348
6:59:36,25176000,0,0,Route4_trip151772020_06:51:00,5,Euro4,Gasoline,Gillig_104,Passenger,6.702348
6:59:37,25177000,0,0,Route4_trip151772020_06:51:00,5,Euro4,Gasoline,Gillig_104,Passenger,6.702348
6:59:38,25178000,0,0,Route4_trip151772020_06:51:00,5,Euro4,Gasoline,Gillig_104,Passenger,6.702348
6:59:39,25179000,0,0,Route4_trip151772020_06:51:00,5,Euro4,Gasoline,Gillig_104,Passenger,6.702348
6:59:40,25180000,0,0,Route4_trip151772020_06:51:00,5,Euro4,Gasoline,Gillig_104,Passenger,6.702348
6:59:41,25181000,0,0,Route4_trip151772020_06:51:00,5,Euro4,Gasoline,Gillig_104,Passenger,6.702348
6:59:42,25182000,0,0,Route4_trip151772020_06:51:00,5,Euro4,Gasoline,Gillig_104,Passenger,6.702348
6:59:43,25183000,0,0,Route4_trip151772020_06:51:00,5,Euro4,Gasoline,Gillig_104,Passenger,6.702348
6:59:44,25184000,0,0,Route4_trip151772020_06:51:00,5,Euro4,Gasoline,Gillig_104,Passenger,6.702348
6:59:45,25185000,0,0,Route4_trip151772020_06:51:00,5,Euro4,Gasoline,Gillig_104,Passenger,6.702348
6:59:46,25186000,0,0,Route4_trip151772020_06:51:00,5,Euro4,Gasoline,Gillig_104,Passenger,6.702348
6:59:47,25187000,0,0,Route4_trip151772020_06:51:00,5,Euro4,Gasoline,Gillig_104,Passenger,6.702348
6:59:48,25188000,0,0,Route4_trip151772020_06:51:00,5,Euro4,Gasoline,Gillig_104,Passenger,6.702348
6:59:49,25189000,0,0,Route4_trip151772020_06:51:00,5,Euro4,Gasoline,Gillig_104,Passenger,6.702348
6:59:50,25190000,0,0,Route4_trip151772020_06:51:00,5,Euro4,Gasoline,Gillig_104,Passenger,6.702348
6:59:51,25191000,0,0,Route4_trip151772020_06:51:00,5,Euro4,Gasoline,Gillig_104,Passenger,6.702348
6:59:52,25192000,0,0,Route4_trip151772020_06:51:00,5,Euro4,Gasoline,Gillig_104,Passenger,6.702348
6:59:53,25193000,0,0,Route4_trip151772020_06:51:00,5,Euro4,Gasoline,Gillig_104,Passenger,6.702348
6:59:54,25194000,0,0,Route4_trip151772020_06:51:00,5,Euro4,Gasoline,Gillig_104,Passenger,6.702348
6:59:55,25195000,0,0,Route4_trip151772020_06:51:00,5,Euro4,Gasoline,Gillig_104,Passenger,6.702348
6:59:56,25196000,0,0,Route4_trip151772020_06:51:00,5,Euro4,Gasoline,Gillig_104,Passenger,6.702348
6:59:57,25197000,0,0,Route4_trip151772020_06:51:00,5,Euro4,Gasoline,Gillig_104,Passenger,6.702348
6:59:58,25198000,0,0,Route4_trip151772020_06:51:00,5,Euro4,Gasoline,Gillig_104,Passenger,6.702348
6:59:59,25199000,0,0,Route4_trip151772020_06:51:00,5,Euro4,Gasoline,Gillig_104,Passenger,6.702348
