time,time_ms,speed,acceleration,vehicle_ref,actorConfig_id,actorConfig_emissionClass,actorConfig_fuel,actorConfig_ref,actorConfig_vehicleClass,FuelRateH
6:51:11,24671000,0,0,Route4_trip151772020_06:51:00,5,Euro4,Gasoline,Gillig_104,Passenger,3.1833713
6:51:12,24672000,0,0,Route4_trip151772020_06:51:00,5,Euro4,Gasoline,Gillig_104,Passenger,3.1833713
6:51:13,24673000,0,0,Route4_trip151772020_06:51:00,5,Euro4,Gasoline,Gillig_104,Passenger,3.1833713
6:51:14,24674000,0,0,Route4_trip151772020_06:51:00,5,Euro4,Gasoline,Gillig_104,Passenger,3.1833713
6:51:15,24675000,0,0,Route4_trip151772020_06:51:00,5,Euro4,Gasoline,Gillig_104,Passenger,3.1833713
6:51:16,24676000,0,0,Route4_trip151772020_06:51:00,5,Euro4,Gasoline,Gillig_104,Passenger,3.1833713
6:51:17,24677000,0,0,Route4_trip151772020_06:51:00,5,Euro4,Gasoline,Gillig_104,Passenger,3.1833713
6:51:18,24678000,0,0,Route4_trip151772020_06:51:00,5,Euro4,Gasoline,Gillig_104,Passenger,3.1833713
6:51:19,24679000,0,0,Route4_trip151772020_06:51:00,5,Euro4,Gasoline,Gillig_104,Passenger,3.1833713
6:51:20,24680000,0,0,Route4_trip151772020_06:51:00,5,Euro4,Gasoline,Gillig_104,Passenger,3.1833713
6:51:21,24681000,0,0,Route4_trip151772020_06:51:00,5,Euro4,Gasoline,Gillig_104,Passenger,3.1833713
6:51:22,24682000,0,0,Route4_trip151772020_06:51:00,5,Euro4,Gasoline,Gillig_104,Passenger,3.1833713
6:51:23,24683000,0,0,Route4_trip151772020_06:51:00,5,Euro4,Gasoline,Gillig_104,Passenger,3.1833713
6:51:24,24684000,0,0,Route4_trip151772020_06:51:00,5,Euro4,Gasoline,Gillig_104,Passenger,3.1833713
6:51:25,24685000,0,0,Route4_trip151772020_06:51:00,5,Euro4,Gasoline,Gillig_104,Passenger,3.1833713
6:51:26,24686000,0,0,Route4_trip151772020_06:51:00,5,Euro4,Gasoline,Gillig_104,Passenger,3.1833713
6:51:27,24687000,0,0,Route4_trip151772020_06:51:00,5,Euro4,Gasoline,Gillig_104,Passenger,3.1833713
6:51:28,24688000,0,0,Route4_trip151772020_06:51:00,5,Euro4,Gasoline,Gillig_104,Passenger,3.1833713
6:51:29,24689000,0,0,Route4_trip151772020_06:51:00,5,Euro4,Gasoline,Gillig_104,Passenger,3.1833713
6:51:30,24690000,0,0,Route4_trip151772020_06:51:00,5,Euro4,Gasoline,Gillig_104,Passenger,3.1833713
6:51:31,24691000,0,0,Route4_trip151772020_06:51:00,5,Euro4,Gasoline,Gillig_104,Passenger,3.1833713
6:51:32,24692000,0,0,Route4_trip151772020_06:51:00,5,Euro4,Gasoline,Gillig_104,Passenger,3.1833713
6:51:33,24693000,0,0,Route4_trip151772020_06:51:00,5,Euro4,Gasoline,Gillig_104,Passenger,3.1833713
6:51:34,24694000,0,0,Route4_trip151772020_06:51:00,5,Euro4,Gasoline,Gillig_104,Passenger,3.1833713
6:51:35,24695000,0,0,Route4_trip151772020_06:51:00,5,Euro4,Gasoline,Gillig_104,Passenger,3.1833713
6:51:36,24696000,0,0,Route4_trip151772020_06:51:00,5,Euro4,Gasoline,Gillig_104,Passenger,3.1833713
6:51:37,24697000,0,0,Route4_trip151772020_06:51:00,5,Euro4,Gasoline,Gillig_104,Passenger,3.1833713
6:51:38,24698000,0,0,Route4_trip151772020_06:51:00,5,Euro4,Gasoline,Gillig_104,Passenger,3.1833713
6:51:39,24699000,0,0,Route4_trip151772020_06:51:00,5,Euro4,Gasoline,Gillig_104,Passenger,3.1833713
6:51:40,24700000,0,0,Route4_trip151772020_06:51:00,5,Euro4,Gasoline,Gillig_104,Passenger,3.1833713
6:51:41,24701000,0,0,Route4_trip151772020_06:51:00,5,Euro4,Gasoline,Gillig_104,Passenger,3.1833713
6:51:42,24702000,0,0,Route4_trip151772020_06:51:00,5,Euro4,Gasoline,Gillig_104,Passenger,3.1833713
6:51:43,24703000,3.6,0.999,Route4_trip151772020_06:51:00,5,Euro4,Gasoline,Gillig_104,Passenger,11.512099
6:51:44,24704000,6.156,0.707,Route4_trip151772020_06:51:00,5,Euro4,Gasoline,Gillig_104,Passenger,9.80347
6:51:45,24705000,8.676,0.7,Route4_trip151772020_06:51:00,5,Euro4,Gasoline,Gillig_104,Passenger,10.257079
6:51:46,24706000,12.42,1.04,Route4_trip151772020_06:51:00,5,Euro4,Gasoline,Gillig_104,Passenger,13.598329
6:51:47,24707000,14.508,0.581,Route4_trip151772020_06:51:00,5,Euro4,Gasoline,Gillig_104,Passenger,10.524324
6:51:48,24708000,17.136,0.733,Route4_trip151772020_06:51:00,5,Euro4,Gasoline,Gillig_104,Passenger,12.209997
6:51:49,24709000,19.836,0.755,Route4_trip151772020_06:51:00,5,Euro4,Gasoline,Gillig_104,Passenger,12.9205675
6:51:50,24710000,22.788,0.817,Route4_trip151772020_06:51:00,5,Euro4,Gasoline,Gillig_104,Passenger,13.986314
6:51:51,24711000,25.596,0.781,Route4_trip151772020_06:51:00,5,Euro4,Gasoline,Gillig_104,Passenger,14.277099
6:51:52,24712000,29.196,0.997,Route4_trip151772020_06:51:00,5,Euro4,Gasoline,Gillig_104,Passenger,16.64547
6:51:53,24713000,32.472,0.907,Route4_trip151772020_06:51:00,5,Euro4,Gasoline,Gillig_104,Passenger,16.619333
6:51:54,24714000,35.532,0.858,Route4_trip151772020_06:51:00,5,Euro4,Gasoline,Gillig_104,Passenger,16.861849
6:51:55,24715000,38.664,0.87,Route4_trip151772020_06:51:00,5,Euro4,Gasoline,Gillig_104,Passenger,17.583193
6:51:56,24716000,42.012,0.924,Route4_trip151772020_06:51:00,5,Euro4,Gasoline,Gillig_104,Passenger,18.667698
6:51:57,24717000,44.496,0.694,Route4_trip151772020_06:51:00,5,Euro4,Gasoline,Gillig_104,Passenger,17.41654
6:51:58,24718000,48.348,1.063,Route4_trip151772020_06:51:00,5,Euro4,Gasoline,Gillig_104,Passenger,21.000269
6:51:59,24719000,51.228,0.804,Route4_trip151772020_06:51:00,5,Euro4,Gasoline,Gillig_104,Passenger,19.608015
6:52:00,24720000,54,0.77,Route4_trip151772020_06:51:00,5,Euro4,Gasoline,Gillig_104,Passenger,19.906784
6:52:01,24721000,46.728,-2.019,Route4_trip151772020_06:51:00,5,Euro4,Gasoline,Gillig_104,Passenger,2.1048985
6:52:02,24722000,33.768,-3.598,Route4_trip151772020_06:51:00,5,Euro4,Gasoline,Gillig_104,Passenger,2.1048985
6:52:03,24723000,18.288,-4.299,Route4_trip151772020_06:51:00,5,Euro4,Gasoline,Gillig_104,Passenger,2.1048985
6:52:04,24724000,2.952,-4.262,Route4_trip151772020_06:51:00,5,Euro4,Gasoline,Gillig_104,Passenger,2.1048985
6:52:05,24725000,0.072,-0.802,Route4_trip151772020_06:51:00,5,Euro4,Gasoline,Gillig_104,Passenger,2.602346
6:52:06,24726000,0,-0.01,Route4_trip151772020_06:51:00,5,Euro4,Gasoline,Gillig_104,Passenger,3.1296945
6:52:07,24727000,0,0,Route4_trip151772020_06:51:00,5,Euro4,Gasoline,Gillig_104,Passenger,3.1833713
6:52:08,24728000,0,-0.003,Route4_trip151772020_06:51:00,5,Euro4,Gasoline,Gillig_104,Passenger,3.1605346
6:52:09,24729000,0,0,Route4_trip151772020_06:51:00,5,Euro4,Gasoline,Gillig_104,Passenger,3.1833713
6:52:10,24730000,0,0,Route4_trip151772020_06:51:00,5,Euro4,Gasoline,Gillig_104,Passenger,3.1833713
6:52:11,24731000,0,0,Route4_trip151772020_06:51:00,5,Euro4,Gasoline,Gillig_104,Passenger,3.1833713
6:52:12,24732000,0,0,Route4_trip151772020_06:51:00,5,Euro4,Gasoline,Gillig_104,Passenger,3.1833713
6:52:13,24733000,0,0,Route4_trip151772020_06:51:00,5,Euro4,Gasoline,Gillig_104,Passenger,3.1833713
6:52:14,24734000,0,0,Route4_trip151772020_06:51:00,5,Euro4,Gasoline,Gillig_104,Passenger,3.1833713
6:52:15,24735000,0,0,Route4_trip151772020_06:51:00,5,Euro4,Gasoline,Gillig_104,Passenger,3.1833713
6:52:16,24736000,0,0,Route4_trip151772020_06:51:00,5,Euro4,Gasoline,Gillig_104,Passenger,3.1833713
6:52:17,24737000,0,0,Route4_trip151772020_06:51:00,5,Euro4,Gasoline,Gillig_104,Passenger,3.1833713
6:52:18,24738000,0,0,Route4_trip151772020_06:51:00,5,Euro4,Gasoline,Gillig_104,Passenger,3.1833713
6:52:19,24739000,0,0,Route4_trip151772020_06:51:00,5,Euro4,Gasoline,Gillig_104,Passenger,3.1833713
6:52:20,24740000,0,0,Route4_trip151772020_06:51:00,5,Euro4,Gasoline,Gillig_104,Passenger,3.1833713
6:52:21,24741000,0,0,Route4_trip151772020_06:51:00,5,Euro4,Gasoline,Gillig_104,Passenger,3.1833713
6:52:22,24742000,0,0,Route4_trip151772020_06:51:00,5,Euro4,Gasoline,Gillig_104,Passenger,3.1833713
6:52:23,24743000,0,0,Route4_trip151772020_06:51:00,5,Euro4,Gasoline,Gillig_104,Passenger,3.1833713
6:52:24,24744000,0,0,Route4_trip151772020_06:51:00,5,Euro4,Gasoline,Gillig_104,Passenger,3.1833713
6:52:25,24745000,0,0,Route4_trip151772020_06:51:00,5,Euro4,Gasoline,Gillig_104,Passenger,3.1833713
6:52:26,24746000,0,0,Route4_trip151772020_06:51:00,5,Euro4,Gasoline,Gillig_104,Passenger,3.1833713
6:52:27,24747000,0,0,Route4_trip151772020_06:51:00,5,Euro4,Gasoline,Gillig_104,Passenger,3.1833713
6:52:28,24748000,0,0,Route4_trip151772020_06:51:00,5,Euro4,Gasoline,Gillig_104,Passenger,3.1833713
6:52:29,24749000,0,0,Route4_trip151772020_06:51:00,5,Euro4,Gasoline,Gillig_104,Passenger,3.1833713
6:52:30,24750000,0,0,Route4_trip151772020_06:51:00,5,Euro4,Gasoline,Gillig_104,Passenger,3.1833713
6:52:31,24751000,0,0,Route4_trip151772020_06:51:00,5,Euro4,Gasoline,Gillig_104,Passenger,3.1833713
6:52:32,24752000,0,0,Route4_trip151772020_06:51:00,5,Euro4,Gasoline,Gillig_104,Passenger,3.1833713
6:52:33,24753000,0,0,Route4_trip151772020_06:51:00,5,Euro4,Gasoline,Gillig_104,Passenger,3.1833713
6:52:34,24754000,0,0,Route4_trip151772020_06:51:00,5,Euro4,Gasoline,Gillig_104,Passenger,3.1833713
6:52:35,24755000,0,0,Route4_trip151772020_06:51:00,5,Euro4,Gasoline,Gillig_104,Passenger,3.1833713
6:52:36,24756000,0,0,Route4_trip151772020_06:51:00,5,Euro4,Gasoline,Gillig_104,Passenger,3.1833713
6:52:37,24757000,0,0,Route4_trip151772020_06:51:00,5,Euro4,Gasoline,Gillig_104,Passenger,3.1833713
6:52:38,24758000,0,0,Route4_trip151772020_06:51:00,5,Euro4,Gasoline,Gillig_104,Passenger,3.1833713
6:52:39,24759000,0,0,Route4_trip151772020_06:51:00,5,Euro4,Gasoline,Gillig_104,Passenger,3.1833713
6:52:40,24760000,0,0,Route4_trip151772020_06:51:00,5,Euro4,Gasoline,Gillig_104,Passenger,3.1833713
6:52:41,24761000,0,0,Route4_trip151772020_06:51:00,5,Euro4,Gasoline,Gillig_104,Passenger,3.1833713
6:52:42,24762000,0,0,Route4_trip151772020_06:51:00,5,Euro4,Gasoline,Gillig_104,Passenger,3.1833713
6:52:43,24763000,0,0,Route4_trip151772020_06:51:00,5,Euro4,Gasoline,Gillig_104,Passenger,3.1833713
6:52:44,24764000,0,0,Route4_trip151772020_06:51:00,5,Euro4,Gasoline,Gillig_104,Passenger,3.1833713
6:52:45,24765000,0,0,Route4_trip151772020_06:51:00,5,Euro4,Gasoline,Gillig_104,Passenger,3.1833713
6:52:46,24766000,0,0,Route4_trip151772020_06:51:00,5,Euro4,Gasoline,Gillig_104,Passenger,3.1833713
6:52:47,24767000,0,0,Route4_trip151772020_06:51:00,5,Euro4,Gasoline,Gillig_104,Passenger,3.1833713
6:52:48,24768000,0,0,Route4_trip151772020_06:51:00,5,Euro4,Gasoline,Gillig_104,Passenger,3.1833713
6:52:49,24769000,0,0,Route4_trip151772020_06:51:00,5,Euro4,Gasoline,Gillig_104,Passenger,3.1833713
6:52:50,24770000,0,0,Route4_trip151772020_06:51:00,5,Euro4,Gasoline,Gillig_104,Passenger,3.1833713
6:52:51,24771000,0,0,Route4_trip151772020_06:51:00,5,Euro4,Gasoline,Gillig_104,Passenger,3.1833713
6:52:52,24772000,0,0,Route4_trip151772020_06:51:00,5,Euro4,Gasoline,Gillig_104,Passenger,3.1833713
6:52:53,24773000,0,0,Route4_trip151772020_06:51:00,5,Euro4,Gasoline,Gillig_104,Passenger,3.1833713
6:52:54,24774000,0,0,Route4_trip151772020_06:51:00,5,Euro4,Gasoline,Gillig_104,Passenger,3.1833713
6:52:55,24775000,0,0,Route4_trip151772020_06:51:00,5,Euro4,Gasoline,Gillig_104,Passenger,3.1833713
6:52:56,24776000,0,0,Route4_trip151772020_06:51:00,5,Euro4,Gasoline,Gillig_104,Passenger,3.1833713
6:52:57,24777000,0,0,Route4_trip151772020_06:51:00,5,Euro4,Gasoline,Gillig_104,Passenger,3.1833713
6:52:58,24778000,0,0,Route4_trip151772020_06:51:00,5,Euro4,Gasoline,Gillig_104,Passenger,3.1833713
6:52:59,24779000,0,0,Route4_trip151772020_06:51:00,5,Euro4,Gasoline,Gillig_104,Passenger,3.1833713
6:53:00,24780000,0,0,Route4_trip151772020_06:51:00,5,Euro4,Gasoline,Gillig_104,Passenger,3.1833713
6:53:01,24781000,0,0,Route4_trip151772020_06:51:00,5,Euro4,Gasoline,Gillig_104,Passenger,3.1833713
6:53:02,24782000,0,0,Route4_trip151772020_06:51:00,5,Euro4,Gasoline,Gillig_104,Passenger,3.1833713
6:53:03,24783000,0,0,Route4_trip151772020_06:51:00,5,Euro4,Gasoline,Gillig_104,Passenger,3.1833713
6:53:04,24784000,0,0,Route4_trip151772020_06:51:00,5,Euro4,Gasoline,Gillig_104,Passenger,3.1833713
6:53:05,24785000,0,0,Route4_trip151772020_06:51:00,5,Euro4,Gasoline,Gillig_104,Passenger,3.1833713
6:53:06,24786000,0,0,Route4_trip151772020_06:51:00,5,Euro4,Gasoline,Gillig_104,Passenger,3.1833713
6:53:07,24787000,0,0,Route4_trip151772020_06:51:00,5,Euro4,Gasoline,Gillig_104,Passenger,3.1833713
6:53:08,24788000,0,0,Route4_trip151772020_06:51:00,5,Euro4,Gasoline,Gillig_104,Passenger,3.1833713
6:53:09,24789000,0,0,Route4_trip151772020_06:51:00,5,Euro4,Gasoline,Gillig_104,Passenger,3.1833713
6:53:10,24790000,0,0,Route4_trip151772020_06:51:00,5,Euro4,Gasoline,Gillig_104,Passenger,3.1833713
6:53:11,24791000,0,0,Route4_trip151772020_06:51:00,5,Euro4,Gasoline,Gillig_104,Passenger,3.1833713
6:53:12,24792000,0,0,Route4_trip151772020_06:51:00,5,Euro4,Gasoline,Gillig_104,Passenger,3.1833713
6:53:13,24793000,0,0,Route4_trip151772020_06:51:00,5,Euro4,Gasoline,Gillig_104,Passenger,3.1833713
6:53:14,24794000,0,0,Route4_trip151772020_06:51:00,5,Euro4,Gasoline,Gillig_104,Passenger,3.1833713
6:53:15,24795000,0,0,Route4_trip151772020_06:51:00,5,Euro4,Gasoline,Gillig_104,Passenger,3.1833713
6:53:16,24796000,0,0,Route4_trip151772020_06:51:00,5,Euro4,Gasoline,Gillig_104,Passenger,3.1833713
6:53:17,24797000,0,0,Route4_trip151772020_06:51:00,5,Euro4,Gasoline,Gillig_104,Passenger,3.1833713
6:53:18,24798000,0,0,Route4_trip151772020_06:51:00,5,Euro4,Gasoline,Gillig_104,Passenger,3.1833713
6:53:19,24799000,0,0,Route4_trip151772020_06:51:00,5,Euro4,Gasoline,Gillig_104,Passenger,3.1833713
6:53:20,24800000,0,0,Route4_trip151772020_06:51:00,5,Euro4,Gasoline,Gillig_104,Passenger,3.1833713
6:53:21,24801000,0,0,Route4_trip151772020_06:51:00,5,Euro4,Gasoline,Gillig_104,Passenger,3.1833713
6:53:22,24802000,0,0,Route4_trip151772020_06:51:00,5,Euro4,Gasoline,Gillig_104,Passenger,3.1833713
6:53:23,24803000,0,0,Route4_trip151772020_06:51:00,5,Euro4,Gasoline,Gillig_104,Passenger,3.1833713
6:53:24,24804000,0,0,Route4_trip151772020_06:51:00,5,Euro4,Gasoline,Gillig_104,Passenger,3.1833713
6:53:25,24805000,0,0,Route4_trip151772020_06:51:00,5,Euro4,Gasoline,Gillig_104,Passenger,3.1833713
6:53:26,24806000,0,0,Route4_trip151772020_06:51:00,5,Euro4,Gasoline,Gillig_104,Passenger,3.1833713
6:53:27,24807000,0,0,Route4_trip151772020_06:51:00,5,Euro4,Gasoline,Gillig_104,Passenger,3.1833713
6:53:28,24808000,0,0,Route4_trip151772020_06:51:00,5,Euro4,Gasoline,Gillig_104,Passenger,3.1833713
6:53:29,24809000,0,0,Route4_trip151772020_06:51:00,5,Euro4,Gasoline,Gillig_104,Passenger,3.1833713
6:53:30,24810000,0,0,Route4_trip151772020_06:51:00,5,Euro4,Gasoline,Gillig_104,Passenger,3.1833713
6:53:31,24811000,0,0,Route4_trip151772020_06:51:00,5,Euro4,Gasoline,Gillig_104,Passenger,3.1833713
6:53:32,24812000,0,0,Route4_trip151772020_06:51:00,5,Euro4,Gasoline,Gillig_104,Passenger,3.1833713
6:53:33,24813000,0,0,Route4_trip151772020_06:51:00,5,Euro4,Gasoline,Gillig_104,Passenger,3.1833713
6:53:34,24814000,0,0,Route4_trip151772020_06:51:00,5,Euro4,Gasoline,Gillig_104,Passenger,3.1833713
6:53:35,24815000,0,0,Route4_trip151772020_06:51:00,5,Euro4,Gasoline,Gillig_104,Passenger,3.1833713
6:53:36,24816000,0,0,Route4_trip151772020_06:51:00,5,Euro4,Gasoline,Gillig_104,Passenger,3.1833713
6:53:37,24817000,0,0,Route4_trip151772020_06:51:00,5,Euro4,Gasoline,Gillig_104,Passenger,3.1833713
6:53:38,24818000,0,0,Route4_trip151772020_06:51:00,5,Euro4,Gasoline,Gillig_104,Passenger,3.1833713
6:53:39,24819000,0,0,Route4_trip151772020_06:51:00,5,Euro4,Gasoline,Gillig_104,Passenger,3.1833713
6:53:40,24820000,0,0,Route4_trip151772020_06:51:00,5,Euro4,Gasoline,Gillig_104,Passenger,3.1833713
6:53:41,24821000,0,0,Route4_trip151772020_06:51:00,5,Euro4,Gasoline,Gillig_104,Passenger,3.1833713
6:53:42,24822000,0,0,Route4_trip151772020_06:51:00,5,Euro4,Gasoline,Gillig_104,Passenger,3.1833713
6:53:43,24823000,0,0,Route4_trip151772020_06:51:00,5,Euro4,Gasoline,Gillig_104,Passenger,3.1833713
6:53:44,24824000,0,0,Route4_trip151772020_06:51:00,5,Euro4,Gasoline,Gillig_104,Passenger,3.1833713
6:53:45,24825000,0,0,Route4_trip151772020_06:51:00,5,Euro4,Gasoline,Gillig_104,Passenger,3.1833713
6:53:46,24826000,0,0,Route4_trip151772020_06:51:00,5,Euro4,Gasoline,Gillig_104,Passenger,3.1833713
6:53:47,24827000,0,0,Route4_trip151772020_06:51:00,5,Euro4,Gasoline,Gillig_104,Passenger,3.1833713
6:53:48,24828000,0,0,Route4_trip151772020_06:51:00,5,Euro4,Gasoline,Gillig_104,Passenger,3.1833713
6:53:49,24829000,0,0,Route4_trip151772020_06:51:00,5,Euro4,Gasoline,Gillig_104,Passenger,3.1833713
6:53:50,24830000,0,0,Route4_trip151772020_06:51:00,5,Euro4,Gasoline,Gillig_104,Passenger,3.1833713
6:53:51,24831000,0,0,Route4_trip151772020_06:51:00,5,Euro4,Gasoline,Gillig_104,Passenger,3.1833713
6:53:52,24832000,0,0,Route4_trip151772020_06:51:00,5,Euro4,Gasoline,Gillig_104,Passenger,3.1833713
6:53:53,24833000,0,0,Route4_trip151772020_06:51:00,5,Euro4,Gasoline,Gillig_104,Passenger,3.1833713
6:53:54,24834000,0,0,Route4_trip151772020_06:51:00,5,Euro4,Gasoline,Gillig_104,Passenger,3.1833713
6:53:55,24835000,0,0,Route4_trip151772020_06:51:00,5,Euro4,Gasoline,Gillig_104,Passenger,3.1833713
6:53:56,24836000,0,0,Route4_trip151772020_06:51:00,5,Euro4,Gasoline,Gillig_104,Passenger,3.1833713
6:53:57,24837000,0,0,Route4_trip151772020_06:51:00,5,Euro4,Gasoline,Gillig_104,Passenger,3.1833713
6:53:58,24838000,0,0.004,Route4_trip151772020_06:51:00,5,Euro4,Gasoline,Gillig_104,Passenger,3.2138114
6:53:59,24839000,0.036,0.007,Route4_trip151772020_06:51:00,5,Euro4,Gasoline,Gillig_104,Passenger,3.2438982
6:54:00,24840000,0.072,0.009,Route4_trip151772020_06:51:00,5,Euro4,Gasoline,Gillig_104,Passenger,3.2663639
6:54:01,24841000,0.612,0.148,Route4_trip151772020_06:51:00,5,Euro4,Gasoline,Gillig_104,Passenger,4.4330807
6:54:02,24842000,2.412,0.498,Route4_trip151772020_06:51:00,5,Euro4,Gasoline,Gillig_104,Passenger,7.4594197
6:54:03,24843000,2.448,0.015,Route4_trip151772020_06:51:00,5,Euro4,Gasoline,Gillig_104,Passenger,3.7899659
6:54:04,24844000,5.148,0.753,Route4_trip151772020_06:51:00,5,Euro4,Gasoline,Gillig_104,Passenger,9.950873
6:54:05,24845000,8.532,0.932,Route4_trip151772020_06:51:00,5,Euro4,Gasoline,Gillig_104,Passenger,11.994145
6:54:06,24846000,12.456,1.094,Route4_trip151772020_06:51:00,5,Euro4,Gasoline,Gillig_104,Passenger,14.016628
6:54:07,24847000,14.472,0.565,Route4_trip151772020_06:51:00,5,Euro4,Gasoline,Gillig_104,Passenger,10.3952875
6:54:08,24848000,16.416,0.531,Route4_trip151772020_06:51:00,5,Euro4,Gasoline,Gillig_104,Passenger,10.527506
6:54:09,24849000,15.696,-0.199,Route4_trip151772020_06:51:00,5,Euro4,Gasoline,Gillig_104,Passenger,4.8257685
6:54:10,24850000,18.324,0.736,Route4_trip151772020_06:51:00,5,Euro4,Gasoline,Gillig_104,Passenger,12.471799
6:54:11,24851000,21.384,0.847,Route4_trip151772020_06:51:00,5,Euro4,Gasoline,Gillig_104,Passenger,13.932267
6:54:12,24852000,24.804,0.952,Route4_trip151772020_06:51:00,5,Euro4,Gasoline,Gillig_104,Passenger,15.4194765
6:54:13,24853000,27.648,0.785,Route4_trip151772020_06:51:00,5,Euro4,Gasoline,Gillig_104,Passenger,14.720305
6:54:14,24854000,29.736,0.579,Route4_trip151772020_06:51:00,5,Euro4,Gasoline,Gillig_104,Passenger,13.572188
6:54:15,24855000,31.896,0.607,Route4_trip151772020_06:51:00,5,Euro4,Gasoline,Gillig_104,Passenger,14.21981
6:54:16,24856000,34.416,0.698,Route4_trip151772020_06:51:00,5,Euro4,Gasoline,Gillig_104,Passenger,15.419415
6:54:17,24857000,38.232,1.057,Route4_trip151772020_06:51:00,5,Euro4,Gasoline,Gillig_104,Passenger,18.919779
6:54:18,24858000,40.572,0.654,Route4_trip151772020_06:51:00,5,Euro4,Gasoline,Gillig_104,Passenger,16.322746
6:54:19,24859000,42.66,0.581,Route4_trip151772020_06:51:00,5,Euro4,Gasoline,Gillig_104,Passenger,16.187054
6:54:20,24860000,45.828,0.875,Route4_trip151772020_06:51:00,5,Euro4,Gasoline,Gillig_104,Passenger,19.06228
6:54:21,24861000,48.024,0.61,Route4_trip151772020_06:51:00,5,Euro4,Gasoline,Gillig_104,Passenger,17.486769
6:54:22,24862000,42.804,-1.442,Route4_trip151772020_06:51:00,5,Euro4,Gasoline,Gillig_104,Passenger,2.1048985
6:54:23,24863000,38.196,-1.287,Route4_trip151772020_06:51:00,5,Euro4,Gasoline,Gillig_104,Passenger,2.1048985
6:54:24,24864000,27.648,-2.924,Route4_trip151772020_06:51:00,5,Euro4,Gasoline,Gillig_104,Passenger,2.1048985
6:54:25,24865000,20.916,-1.871,Route4_trip151772020_06:51:00,5,Euro4,Gasoline,Gillig_104,Passenger,2.1048985
6:54:26,24866000,14.832,-1.684,Route4_trip151772020_06:51:00,5,Euro4,Gasoline,Gillig_104,Passenger,2.1048985
6:54:27,24867000,8.676,-1.712,Route4_trip151772020_06:51:00,5,Euro4,Gasoline,Gillig_104,Passenger,2.1048985
6:54:28,24868000,4.5,-1.161,Route4_trip151772020_06:51:00,5,Euro4,Gasoline,Gillig_104,Passenger,2.33734
6:54:29,24869000,5.436,0.26,Route4_trip151772020_06:51:00,5,Euro4,Gasoline,Gillig_104,Passenger,6.255988
6:54:30,24870000,2.16,-0.906,Route4_trip151772020_06:51:00,5,Euro4,Gasoline,Gillig_104,Passenger,2.5208182
6:54:31,24871000,1.404,-0.208,Route4_trip151772020_06:51:00,5,Euro4,Gasoline,Gillig_104,Passenger,2.9896688
6:54:32,24872000,0.684,-0.205,Route4_trip151772020_06:51:00,5,Euro4,Gasoline,Gillig_104,Passenger,2.9959185
6:54:33,24873000,0.54,-0.037,Route4_trip151772020_06:51:00,5,Euro4,Gasoline,Gillig_104,Passenger,3.1085408
6:54:34,24874000,0.288,-0.067,Route4_trip151772020_06:51:00,5,Euro4,Gasoline,Gillig_104,Passenger,3.0900705
6:54:35,24875000,0.144,-0.039,Route4_trip151772020_06:51:00,5,Euro4,Gasoline,Gillig_104,Passenger,3.1095498
6:54:36,24876000,0.432,0.075,Route4_trip151772020_06:51:00,5,Euro4,Gasoline,Gillig_104,Passenger,3.8411827
6:54:37,24877000,0.756,0.097,Route4_trip151772020_06:51:00,5,Euro4,Gasoline,Gillig_104,Passenger,4.0738235
6:54:38,24878000,3.816,0.842,Route4_trip151772020_06:51:00,5,Euro4,Gasoline,Gillig_104,Passenger,10.360431
6:54:39,24879000,6.444,0.735,Route4_trip151772020_06:51:00,5,Euro4,Gasoline,Gillig_104,Passenger,10.074543
6:54:40,24880000,9.18,0.76,Route4_trip151772020_06:51:00,5,Euro4,Gasoline,Gillig_104,Passenger,10.81519
6:54:41,24881000,11.304,0.591,Route4_trip151772020_06:51:00,5,Euro4,Gasoline,Gillig_104,Passenger,9.955967
6:54:42,24882000,10.656,-0.177,Route4_trip151772020_06:51:00,5,Euro4,Gasoline,Gillig_104,Passenger,3.9794486
6:54:43,24883000,11.628,0.264,Route4_trip151772020_06:51:00,5,Euro4,Gasoline,Gillig_104,Passenger,7.531948
6:54:44,24884000,14.76,0.868,Route4_trip151772020_06:51:00,5,Euro4,Gasoline,Gillig_104,Passenger,12.759717
6:54:45,24885000,17.316,0.718,Route4_trip151772020_06:51:00,5,Euro4,Gasoline,Gillig_104,Passenger,12.132021
6:54:46,24886000,21.132,1.059,Route4_trip151772020_06:51:00,5,Euro4,Gasoline,Gillig_104,Passenger,15.495366
6:54:47,24887000,24.012,0.794,Route4_trip151772020_06:51:00,5,Euro4,Gasoline,Gillig_104,Passenger,14.057439
6:54:48,24888000,26.532,0.698,Route4_trip151772020_06:51:00,5,Euro4,Gasoline,Gillig_104,Passenger,13.833562
6:54:49,24889000,29.772,0.9,Route4_trip151772020_06:51:00,5,Euro4,Gasoline,Gillig_104,Passenger,16.022945
6:54:50,24890000,32.688,0.816,Route4_trip151772020_06:51:00,5,Euro4,Gasoline,Gillig_104,Passenger,15.970071
6:54:51,24891000,34.992,0.639,Route4_trip151772020_06:51:00,5,Euro4,Gasoline,Gillig_104,Passenger,15.086157
6:54:52,24892000,37.512,0.702,Route4_trip151772020_06:51:00,5,Euro4,Gasoline,Gillig_104,Passenger,16.07262
6:54:53,24893000,39.528,0.553,Route4_trip151772020_06:51:00,5,Euro4,Gasoline,Gillig_104,Passenger,15.343916
6:54:54,24894000,42.048,0.707,Route4_trip151772020_06:51:00,5,Euro4,Gasoline,Gillig_104,Passenger,17.02309
6:54:55,24895000,45.684,1.005,Route4_trip151772020_06:51:00,5,Euro4,Gasoline,Gillig_104,Passenger,20.022902
6:54:56,24896000,47.736,0.572,Route4_trip151772020_06:51:00,5,Euro4,Gasoline,Gillig_104,Passenger,17.139574
6:54:57,24897000,42.264,-1.516,Route4_trip151772020_06:51:00,5,Euro4,Gasoline,Gillig_104,Passenger,2.1048985
6:54:58,24898000,44.964,0.749,Route4_trip151772020_06:51:00,5,Euro4,Gasoline,Gillig_104,Passenger,17.929352
6:54:59,24899000,45.396,0.114,Route4_trip151772020_06:51:00,5,Euro4,Gasoline,Gillig_104,Passenger,13.182496
6:55:00,24900000,47.844,0.686,Route4_trip151772020_06:51:00,5,Euro4,Gasoline,Gillig_104,Passenger,18.029089
6:55:01,24901000,40.716,-1.985,Route4_trip151772020_06:51:00,5,Euro4,Gasoline,Gillig_104,Passenger,2.1048985
6:55:02,24902000,39.024,-0.469,Route4_trip151772020_06:51:00,5,Euro4,Gasoline,Gillig_104,Passenger,7.4628634
6:55:03,24903000,32.004,-1.947,Route4_trip151772020_06:51:00,5,Euro4,Gasoline,Gillig_104,Passenger,2.1048985
6:55:04,24904000,35.496,0.97,Route4_trip151772020_06:51:00,5,Euro4,Gasoline,Gillig_104,Passenger,17.707174
6:55:05,24905000,25.272,-2.835,Route4_trip151772020_06:51:00,5,Euro4,Gasoline,Gillig_104,Passenger,2.1048985
6:55:06,24906000,15.588,-2.694,Route4_trip151772020_06:51:00,5,Euro4,Gasoline,Gillig_104,Passenger,2.1048985
6:55:07,24907000,17.892,0.639,Route4_trip151772020_06:51:00,5,Euro4,Gasoline,Gillig_104,Passenger,11.646519
6:55:08,24908000,16.884,-0.279,Route4_trip151772020_06:51:00,5,Euro4,Gasoline,Gillig_104,Passenger,4.4557567
6:55:09,24909000,14.94,-0.538,Route4_trip151772020_06:51:00,5,Euro4,Gasoline,Gillig_104,Passenger,2.6901467
6:55:10,24910000,8.1,-1.894,Route4_trip151772020_06:51:00,5,Euro4,Gasoline,Gillig_104,Passenger,2.1048985
6:55:11,24911000,11.376,0.908,Route4_trip151772020_06:51:00,5,Euro4,Gasoline,Gillig_104,Passenger,12.383517
6:55:12,24912000,14.436,0.851,Route4_trip151772020_06:51:00,5,Euro4,Gasoline,Gillig_104,Passenger,12.565137
6:55:13,24913000,16.38,0.54,Route4_trip151772020_06:51:00,5,Euro4,Gasoline,Gillig_104,Passenger,10.588775
6:55:14,24914000,16.272,-0.034,Route4_trip151772020_06:51:00,5,Euro4,Gasoline,Gillig_104,Passenger,6.1976433
6:55:15,24915000,18.18,0.536,Route4_trip151772020_06:51:00,5,Euro4,Gasoline,Gillig_104,Passenger,10.920392
6:55:16,24916000,21.636,0.955,Route4_trip151772020_06:51:00,5,Euro4,Gasoline,Gillig_104,Passenger,14.805076
6:55:17,24917000,23.976,0.647,Route4_trip151772020_06:51:00,5,Euro4,Gasoline,Gillig_104,Passenger,12.931203
6:55:18,24918000,27.828,1.072,Route4_trip151772020_06:51:00,5,Euro4,Gasoline,Gillig_104,Passenger,16.941214
6:55:19,24919000,29.952,0.59,Route4_trip151772020_06:51:00,5,Euro4,Gasoline,Gillig_104,Passenger,13.69937
6:55:20,24920000,32.4,0.685,Route4_trip151772020_06:51:00,5,Euro4,Gasoline,Gillig_104,Passenger,14.914942
6:55:21,24921000,27.54,-1.354,Route4_trip151772020_06:51:00,5,Euro4,Gasoline,Gillig_104,Passenger,2.1048985
6:55:22,24922000,30.096,0.713,Route4_trip151772020_06:51:00,5,Euro4,Gasoline,Gillig_104,Passenger,14.664638
6:55:23,24923000,33.66,0.992,Route4_trip151772020_06:51:00,5,Euro4,Gasoline,Gillig_104,Passenger,17.505335
6:55:24,24924000,32.688,-0.275,Route4_trip151772020_06:51:00,5,Euro4,Gasoline,Gillig_104,Passenger,7.665155
6:55:25,24925000,32.904,0.06,Route4_trip151772020_06:51:00,5,Euro4,Gasoline,Gillig_104,Passenger,10.258692
6:55:26,24926000,33.048,0.045,Route4_trip151772020_06:51:00,5,Euro4,Gasoline,Gillig_104,Passenger,10.173474
6:55:27,24927000,33.912,0.241,Route4_trip151772020_06:51:00,5,Euro4,Gasoline,Gillig_104,Passenger,11.839258
6:55:28,24928000,37.728,1.057,Route4_trip151772020_06:51:00,5,Euro4,Gasoline,Gillig_104,Passenger,18.818401
6:55:29,24929000,40.536,0.783,Route4_trip151772020_06:51:00,5,Euro4,Gasoline,Gillig_104,Passenger,17.29748
6:55:30,24930000,44.028,0.972,Route4_trip151772020_06:51:00,5,Euro4,Gasoline,Gillig_104,Passenger,19.438597
6:55:31,24931000,46.908,0.795,Route4_trip151772020_06:51:00,5,Euro4,Gasoline,Gillig_104,Passenger,18.670546
6:55:32,24932000,49.248,0.647,Route4_trip151772020_06:51:00,5,Euro4,Gasoline,Gillig_104,Passenger,18.014627
6:55:33,24933000,51.876,0.735,Route4_trip151772020_06:51:00,5,Euro4,Gasoline,Gillig_104,Passenger,19.213118
6:55:34,24934000,54.864,0.827,Route4_trip151772020_06:51:00,5,Euro4,Gasoline,Gillig_104,Passenger,20.514475
6:55:35,24935000,57.744,0.808,Route4_trip151772020_06:51:00,5,Euro4,Gasoline,Gillig_104,Passenger,20.949148
6:55:36,24936000,61.668,1.083,Route4_trip151772020_06:51:00,5,Euro4,Gasoline,Gillig_104,Passenger,23.831812
6:55:37,24937000,59.868,-0.492,Route4_trip151772020_06:51:00,5,Euro4,Gasoline,Gillig_104,Passenger,11.480521
6:55:38,24938000,45.756,-3.928,Route4_trip151772020_06:51:00,5,Euro4,Gasoline,Gillig_104,Passenger,2.1048985
6:55:39,24939000,32.364,-3.72,Route4_trip151772020_06:51:00,5,Euro4,Gasoline,Gillig_104,Passenger,2.1048985
6:55:40,24940000,17.352,-4.165,Route4_trip151772020_06:51:00,5,Euro4,Gasoline,Gillig_104,Passenger,2.1048985
6:55:41,24941000,1.872,-4.299,Route4_trip151772020_06:51:00,5,Euro4,Gasoline,Gillig_104,Passenger,2.1048985
6:55:42,24942000,0.144,-0.474,Route4_trip151772020_06:51:00,5,Euro4,Gasoline,Gillig_104,Passenger,2.820141
6:55:43,24943000,0.036,-0.032,Route4_trip151772020_06:51:00,5,Euro4,Gasoline,Gillig_104,Passenger,3.114845
6:55:44,24944000,0,-0.007,Route4_trip151772020_06:51:00,5,Euro4,Gasoline,Gillig_104,Passenger,3.1316903
6:55:45,24945000,0,-0.002,Route4_trip151772020_06:51:00,5,Euro4,Gasoline,Gillig_104,Passenger,3.1681468
6:55:46,24946000,0,0,Route4_trip151772020_06:51:00,5,Euro4,Gasoline,Gillig_104,Passenger,3.1833713
6:55:47,24947000,0,0,Route4_trip151772020_06:51:00,5,Euro4,Gasoline,Gillig_104,Passenger,3.1833713
6:55:48,24948000,0,0,Route4_trip151772020_06:51:00,5,Euro4,Gasoline,Gillig_104,Passenger,3.1833713
6:55:49,24949000,0,0,Route4_trip151772020_06:51:00,5,Euro4,Gasoline,Gillig_104,Passenger,3.1833713
6:55:50,24950000,0,0,Route4_trip151772020_06:51:00,5,Euro4,Gasoline,Gillig_104,Passenger,3.1833713
6:55:51,24951000,0,0,Route4_trip151772020_06:51:00,5,Euro4,Gasoline,Gillig_104,Passenger,3.1833713
6:55:52,24952000,0,0,Route4_trip151772020_06:51:00,5,Euro4,Gasoline,Gillig_104,Passenger,3.1833713
6:55:53,24953000,0,0,Route4_trip151772020_06:51:00,5,Euro4,Gasoline,Gillig_104,Passenger,3.1833713
6:55:54,24954000,0,0,Route4_trip151772020_06:51:00,5,Euro4,Gasoline,Gillig_104,Passenger,3.1833713
6:55:55,24955000,0,0,Route4_trip151772020_06:51:00,5,Euro4,Gasoline,Gillig_104,Passenger,3.1833713
6:55:56,24956000,0,0,Route4_trip151772020_06:51:00,5,Euro4,Gasoline,Gillig_104,Passenger,3.1833713
6:55:57,24957000,0,0,Route4_trip151772020_06:51:00,5,Euro4,Gasoline,Gillig_104,Passenger,3.1833713
6:55:58,24958000,0,0,Route4_trip151772020_06:51:00,5,Euro4,Gasoline,Gillig_104,Passenger,3.1833713
6:55:59,24959000,0,0,Route4_trip151772020_06:51:00,5,Euro4,Gasoline,Gillig_104,Passenger,3.1833713
6:56:00,24960000,0,0,Route4_trip151772020_06:51:00,5,Euro4,Gasoline,Gillig_104,Passenger,3.1833713
6:56:01,24961000,0,0,Route4_trip151772020_06:51:00,5,Euro4,Gasoline,Gillig_104,Passenger,3.1833713
6:56:02,24962000,0,0,Route4_trip151772020_06:51:00,5,Euro4,Gasoline,Gillig_104,Passenger,3.1833713
6:56:03,24963000,0,0,Route4_trip151772020_06:51:00,5,Euro4,Gasoline,Gillig_104,Passenger,3.1833713
6:56:04,24964000,0,0,Route4_trip151772020_06:51:00,5,Euro4,Gasoline,Gillig_104,Passenger,3.1833713
6:56:05,24965000,0,0,Route4_trip151772020_06:51:00,5,Euro4,Gasoline,Gillig_104,Passenger,3.1833713
6:56:06,24966000,0,0,Route4_trip151772020_06:51:00,5,Euro4,Gasoline,Gillig_104,Passenger,3.1833713
6:56:07,24967000,0,0,Route4_trip151772020_06:51:00,5,Euro4,Gasoline,Gillig_104,Passenger,3.1833713
6:56:08,24968000,0,0,Route4_trip151772020_06:51:00,5,Euro4,Gasoline,Gillig_104,Passenger,3.1833713
6:56:09,24969000,0,0,Route4_trip151772020_06:51:00,5,Euro4,Gasoline,Gillig_104,Passenger,3.1833713
6:56:10,24970000,0,0,Route4_trip151772020_06:51:00,5,Euro4,Gasoline,Gillig_104,Passenger,3.1833713
6:56:11,24971000,0,0,Route4_trip151772020_06:51:00,5,Euro4,Gasoline,Gillig_104,Passenger,3.1833713
6:56:12,24972000,0,0,Route4_trip151772020_06:51:00,5,Euro4,Gasoline,Gillig_104,Passenger,3.1833713
6:56:13,24973000,0,0,Route4_trip151772020_06:51:00,5,Euro4,Gasoline,Gillig_104,Passenger,3.1833713
6:56:14,24974000,0,0,Route4_trip151772020_06:51:00,5,Euro4,Gasoline,Gillig_104,Passenger,3.1833713
6:56:15,24975000,0,0,Route4_trip151772020_06:51:00,5,Euro4,Gasoline,Gillig_104,Passenger,3.1833713
6:56:16,24976000,0,0,Route4_trip151772020_06:51:00,5,Euro4,Gasoline,Gillig_104,Passenger,3.1833713
6:56:17,24977000,0,0,Route4_trip151772020_06:51:00,5,Euro4,Gasoline,Gillig_104,Passenger,3.1833713
6:56:18,24978000,0,0,Route4_trip151772020_06:51:00,5,Euro4,Gasoline,Gillig_104,Passenger,3.1833713
6:56:19,24979000,0,0,Route4_trip151772020_06:51:00,5,Euro4,Gasoline,Gillig_104,Passenger,3.1833713
6:56:20,24980000,0,0,Route4_trip151772020_06:51:00,5,Euro4,Gasoline,Gillig_104,Passenger,3.1833713
6:56:21,24981000,0,0,Route4_trip151772020_06:51:00,5,Euro4,Gasoline,Gillig_104,Passenger,3.1833713
6:56:22,24982000,0,0,Route4_trip151772020_06:51:00,5,Euro4,Gasoline,Gillig_104,Passenger,3.1833713
6:56:23,24983000,0,0,Route4_trip151772020_06:51:00,5,Euro4,Gasoline,Gillig_104,Passenger,3.1833713
6:56:24,24984000,0,0,Route4_trip151772020_06:51:00,5,Euro4,Gasoline,Gillig_104,Passenger,3.1833713
6:56:25,24985000,0,0,Route4_trip151772020_06:51:00,5,Euro4,Gasoline,Gillig_104,Passenger,3.1833713
6:56:26,24986000,0,0,Route4_trip151772020_06:51:00,5,Euro4,Gasoline,Gillig_104,Passenger,3.1833713
6:56:27,24987000,0,0,Route4_trip151772020_06:51:00,5,Euro4,Gasoline,Gillig_104,Passenger,3.1833713
6:56:28,24988000,0,0,Route4_trip151772020_06:51:00,5,Euro4,Gasoline,Gillig_104,Passenger,3.1833713
6:56:29,24989000,0,0,Route4_trip151772020_06:51:00,5,Euro4,Gasoline,Gillig_104,Passenger,3.1833713
6:56:30,24990000,0,0,Route4_trip151772020_06:51:00,5,Euro4,Gasoline,Gillig_104,Passenger,3.1833713
6:56:31,24991000,0,0,Route4_trip151772020_06:51:00,5,Euro4,Gasoline,Gillig_104,Passenger,3.1833713
6:56:32,24992000,0,0,Route4_trip151772020_06:51:00,5,Euro4,Gasoline,Gillig_104,Passenger,3.1833713
6:56:33,24993000,0,0,Route4_trip151772020_06:51:00,5,Euro4,Gasoline,Gillig_104,Passenger,3.1833713
6:56:34,24994000,0,0,Route4_trip151772020_06:51:00,5,Euro4,Gasoline,Gillig_104,Passenger,3.1833713
6:56:35,24995000,0,0,Route4_trip151772020_06:51:00,5,Euro4,Gasoline,Gillig_104,Passenger,3.1833713
6:56:36,24996000,0,0,Route4_trip151772020_06:51:00,5,Euro4,Gasoline,Gillig_104,Passenger,3.1833713
6:56:37,24997000,0,0,Route4_trip151772020_06:51:00,5,Euro4,Gasoline,Gillig_104,Passenger,3.1833713
6:56:38,24998000,0,0,Route4_trip151772020_06:51:00,5,Euro4,Gasoline,Gillig_104,Passenger,3.1833713
6:56:39,24999000,0,0,Route4_trip151772020_06:51:00,5,Euro4,Gasoline,Gillig_104,Passenger,3.1833713
6:56:40,25000000,0,0,Route4_trip151772020_06:51:00,5,Euro4,Gasoline,Gillig_104,Passenger,3.1833713
6:56:41,25001000,0,0,Route4_trip151772020_06:51:00,5,Euro4,Gasoline,Gillig_104,Passenger,3.1833713
6:56:42,25002000,0,0,Route4_trip151772020_06:51:00,5,Euro4,Gasoline,Gillig_104,Passenger,3.1833713
6:56:43,25003000,0,0,Route4_trip151772020_06:51:00,5,Euro4,Gasoline,Gillig_104,Passenger,3.1833713
6:56:44,25004000,0,0,Route4_trip151772020_06:51:00,5,Euro4,Gasoline,Gillig_104,Passenger,3.1833713
6:56:45,25005000,0,0,Route4_trip151772020_06:51:00,5,Euro4,Gasoline,Gillig_104,Passenger,3.1833713
6:56:46,25006000,0,0,Route4_trip151772020_06:51:00,5,Euro4,Gasoline,Gillig_104,Passenger,3.1833713
6:56:47,25007000,0,0,Route4_trip151772020_06:51:00,5,Euro4,Gasoline,Gillig_104,Passenger,3.1833713
6:56:48,25008000,0,0,Route4_trip151772020_06:51:00,5,Euro4,Gasoline,Gillig_104,Passenger,3.1833713
6:56:49,25009000,0,0,Route4_trip151772020_06:51:00,5,Euro4,Gasoline,Gillig_104,Passenger,3.1833713
6:56:50,25010000,0,0,Route4_trip151772020_06:51:00,5,Euro4,Gasoline,Gillig_104,Passenger,3.1833713
6:56:51,25011000,0,0,Route4_trip151772020_06:51:00,5,Euro4,Gasoline,Gillig_104,Passenger,3.1833713
6:56:52,25012000,0,0,Route4_trip151772020_06:51:00,5,Euro4,Gasoline,Gillig_104,Passenger,3.1833713
6:56:53,25013000,0,0,Route4_trip151772020_06:51:00,5,Euro4,Gasoline,Gillig_104,Passenger,3.1833713
6:56:54,25014000,0,0,Route4_trip151772020_06:51:00,5,Euro4,Gasoline,Gillig_104,Passenger,3.1833713
6:56:55,25015000,0,0,Route4_trip151772020_06:51:00,5,Euro4,Gasoline,Gillig_104,Passenger,3.1833713
6:56:56,25016000,0,0,Route4_trip151772020_06:51:00,5,Euro4,Gasoline,Gillig_104,Passenger,3.1833713
6:56:57,25017000,0,0,Route4_trip151772020_06:51:00,5,Euro4,Gasoline,Gillig_104,Passenger,3.1833713
6:56:58,25018000,0,0,Route4_trip151772020_06:51:00,5,Euro4,Gasoline,Gillig_104,Passenger,3.1833713
6:56:59,25019000,0,0,Route4_trip151772020_06:51:00,5,Euro4,Gasoline,Gillig_104,Passenger,3.1833713
6:57:00,25020000,0,0,Route4_trip151772020_06:51:00,5,Euro4,Gasoline,Gillig_104,Passenger,3.1833713
6:57:01,25021000,0,0,Route4_trip151772020_06:51:00,5,Euro4,Gasoline,Gillig_104,Passenger,3.1833713
6:57:02,25022000,0,0,Route4_trip151772020_06:51:00,5,Euro4,Gasoline,Gillig_104,Passenger,3.1833713
6:57:03,25023000,0,0,Route4_trip151772020_06:51:00,5,Euro4,Gasoline,Gillig_104,Passenger,3.1833713
6:57:04,25024000,0,0,Route4_trip151772020_06:51:00,5,Euro4,Gasoline,Gillig_104,Passenger,3.1833713
6:57:05,25025000,0,0,Route4_trip151772020_06:51:00,5,Euro4,Gasoline,Gillig_104,Passenger,3.1833713
6:57:06,25026000,0,0,Route4_trip151772020_06:51:00,5,Euro4,Gasoline,Gillig_104,Passenger,3.1833713
6:57:07,25027000,0,0,Route4_trip151772020_06:51:00,5,Euro4,Gasoline,Gillig_104,Passenger,3.1833713
6:57:08,25028000,0,0,Route4_trip151772020_06:51:00,5,Euro4,Gasoline,Gillig_104,Passenger,3.1833713
6:57:09,25029000,0,0,Route4_trip151772020_06:51:00,5,Euro4,Gasoline,Gillig_104,Passenger,3.1833713
6:57:10,25030000,0,0,Route4_trip151772020_06:51:00,5,Euro4,Gasoline,Gillig_104,Passenger,3.1833713
6:57:11,25031000,0,0,Route4_trip151772020_06:51:00,5,Euro4,Gasoline,Gillig_104,Passenger,3.1833713
6:57:12,25032000,0,0,Route4_trip151772020_06:51:00,5,Euro4,Gasoline,Gillig_104,Passenger,3.1833713
6:57:13,25033000,0,0,Route4_trip151772020_06:51:00,5,Euro4,Gasoline,Gillig_104,Passenger,3.1833713
6:57:14,25034000,0,0,Route4_trip151772020_06:51:00,5,Euro4,Gasoline,Gillig_104,Passenger,3.1833713
6:57:15,25035000,0,0,Route4_trip151772020_06:51:00,5,Euro4,Gasoline,Gillig_104,Passenger,3.1833713
6:57:16,25036000,0,0,Route4_trip151772020_06:51:00,5,Euro4,Gasoline,Gillig_104,Passenger,3.1833713
6:57:17,25037000,0,0,Route4_trip151772020_06:51:00,5,Euro4,Gasoline,Gillig_104,Passenger,3.1833713
6:57:18,25038000,0,0,Route4_trip151772020_06:51:00,5,Euro4,Gasoline,Gillig_104,Passenger,3.1833713
6:57:19,25039000,0,0,Route4_trip151772020_06:51:00,5,Euro4,Gasoline,Gillig_104,Passenger,3.1833713
6:57:20,25040000,0,0,Route4_trip151772020_06:51:00,5,Euro4,Gasoline,Gillig_104,Passenger,3.1833713
6:57:21,25041000,0,0,Route4_trip151772020_06:51:00,5,Euro4,Gasoline,Gillig_104,Passenger,3.1833713
6:57:22,25042000,0,0,Route4_trip151772020_06:51:00,5,Euro4,Gasoline,Gillig_104,Passenger,3.1833713
6:57:23,25043000,0,0,Route4_trip151772020_06:51:00,5,Euro4,Gasoline,Gillig_104,Passenger,3.1833713
6:57:24,25044000,0,0,Route4_trip151772020_06:51:00,5,Euro4,Gasoline,Gillig_104,Passenger,3.1833713
6:57:25,25045000,0,0,Route4_trip151772020_06:51:00,5,Euro4,Gasoline,Gillig_104,Passenger,3.1833713
6:57:26,25046000,0,0,Route4_trip151772020_06:51:00,5,Euro4,Gasoline,Gillig_104,Passenger,3.1833713
6:57:27,25047000,0,0,Route4_trip151772020_06:51:00,5,Euro4,Gasoline,Gillig_104,Passenger,3.1833713
6:57:28,25048000,0,0,Route4_trip151772020_06:51:00,5,Euro4,Gasoline,Gillig_104,Passenger,3.1833713
6:57:29,25049000,0,0,Route4_trip151772020_06:51:00,5,Euro4,Gasoline,Gillig_104,Passenger,3.1833713
6:57:30,25050000,0,0,Route4_trip151772020_06:51:00,5,Euro4,Gasoline,Gillig_104,Passenger,3.1833713
6:57:31,25051000,0,0,Route4_trip151772020_06:51:00,5,Euro4,Gasoline,Gillig_104,Passenger,3.1833713
6:57:32,25052000,0,0,Route4_trip151772020_06:51:00,5,Euro4,Gasoline,Gillig_104,Passenger,3.1833713
6:57:33,25053000,0,0,Route4_trip151772020_06:51:00,5,Euro4,Gasoline,Gillig_104,Passenger,3.1833713
6:57:34,25054000,0,0,Route4_trip151772020_06:51:00,5,Euro4,Gasoline,Gillig_104,Passenger,3.1833713
6:57:35,25055000,0,0,Route4_trip151772020_06:51:00,5,Euro4,Gasoline,Gillig_104,Passenger,3.1833713
6:57:36,25056000,0,0,Route4_trip151772020_06:51:00,5,Euro4,Gasoline,Gillig_104,Passenger,3.1833713
6:57:37,25057000,0,0,Route4_trip151772020_06:51:00,5,Euro4,Gasoline,Gillig_104,Passenger,3.1833713
6:57:38,25058000,0,0,Route4_trip151772020_06:51:00,5,Euro4,Gasoline,Gillig_104,Passenger,3.1833713
6:57:39,25059000,0,0,Route4_trip151772020_06:51:00,5,Euro4,Gasoline,Gillig_104,Passenger,3.1833713
6:57:40,25060000,0,0,Route4_trip151772020_06:51:00,5,Euro4,Gasoline,Gillig_104,Passenger,3.1833713
6:57:41,25061000,0,0,Route4_trip151772020_06:51:00,5,Euro4,Gasoline,Gillig_104,Passenger,3.1833713
6:57:42,25062000,0,0,Route4_trip151772020_06:51:00,5,Euro4,Gasoline,Gillig_104,Passenger,3.1833713
6:57:43,25063000,0,0,Route4_trip151772020_06:51:00,5,Euro4,Gasoline,Gillig_104,Passenger,3.1833713
6:57:44,25064000,0,0,Route4_trip151772020_06:51:00,5,Euro4,Gasoline,Gillig_104,Passenger,3.1833713
6:57:45,25065000,0,0,Route4_trip151772020_06:51:00,5,Euro4,Gasoline,Gillig_104,Passenger,3.1833713
6:57:46,25066000,0,0,Route4_trip151772020_06:51:00,5,Euro4,Gasoline,Gillig_104,Passenger,3.1833713
6:57:47,25067000,0,0,Route4_trip151772020_06:51:00,5,Euro4,Gasoline,Gillig_104,Passenger,3.1833713
6:57:48,25068000,0,0,Route4_trip151772020_06:51:00,5,Euro4,Gasoline,Gillig_104,Passenger,3.1833713
6:57:49,25069000,0,0,Route4_trip151772020_06:51:00,5,Euro4,Gasoline,Gillig_104,Passenger,3.1833713
6:57:50,25070000,0,0,Route4_trip151772020_06:51:00,5,Euro4,Gasoline,Gillig_104,Passenger,3.1833713
6:57:51,25071000,0,0,Route4_trip151772020_06:51:00,5,Euro4,Gasoline,Gillig_104,Passenger,3.1833713
6:57:52,25072000,0,0,Route4_trip151772020_06:51:00,5,Euro4,Gasoline,Gillig_104,Passenger,3.1833713
6:57:53,25073000,0,0,Route4_trip151772020_06:51:00,5,Euro4,Gasoline,Gillig_104,Passenger,3.1833713
6:57:54,25074000,0,0,Route4_trip151772020_06:51:00,5,Euro4,Gasoline,Gillig_104,Passenger,3.1833713
6:57:55,25075000,0,0,Route4_trip151772020_06:51:00,5,Euro4,Gasoline,Gillig_104,Passenger,3.1833713
6:57:56,25076000,0,0,Route4_trip151772020_06:51:00,5,Euro4,Gasoline,Gillig_104,Passenger,3.1833713
6:57:57,25077000,0,0,Route4_trip151772020_06:51:00,5,Euro4,Gasoline,Gillig_104,Passenger,3.1833713
6:57:58,25078000,0,0,Route4_trip151772020_06:51:00,5,Euro4,Gasoline,Gillig_104,Passenger,3.1833713
6:57:59,25079000,0,0,Route4_trip151772020_06:51:00,5,Euro4,Gasoline,Gillig_104,Passenger,3.1833713
6:58:00,25080000,0,0,Route4_trip151772020_06:51:00,5,Euro4,Gasoline,Gillig_104,Passenger,3.1833713
6:58:01,25081000,0,0,Route4_trip151772020_06:51:00,5,Euro4,Gasoline,Gillig_104,Passenger,3.1833713
6:58:02,25082000,0,0,Route4_trip151772020_06:51:00,5,Euro4,Gasoline,Gillig_104,Passenger,3.1833713
6:58:03,25083000,0,0,Route4_trip151772020_06:51:00,5,Euro4,Gasoline,Gillig_104,Passenger,3.1833713
6:58:04,25084000,0,0,Route4_trip151772020_06:51:00,5,Euro4,Gasoline,Gillig_104,Passenger,3.1833713
6:58:05,25085000,0,0,Route4_trip151772020_06:51:00,5,Euro4,Gasoline,Gillig_104,Passenger,3.1833713
6:58:06,25086000,0,0,Route4_trip151772020_06:51:00,5,Euro4,Gasoline,Gillig_104,Passenger,3.1833713
6:58:07,25087000,0,0,Route4_trip151772020_06:51:00,5,Euro4,Gasoline,Gillig_104,Passenger,3.1833713
6:58:08,25088000,0,0,Route4_trip151772020_06:51:00,5,Euro4,Gasoline,Gillig_104,Passenger,3.1833713
6:58:09,25089000,0,0,Route4_trip151772020_06:51:00,5,Euro4,Gasoline,Gillig_104,Passenger,3.1833713
6:58:10,25090000,0,0,Route4_trip151772020_06:51:00,5,Euro4,Gasoline,Gillig_104,Passenger,3.1833713
6:58:11,25091000,0,0,Route4_trip151772020_06:51:00,5,Euro4,Gasoline,Gillig_104,Passenger,3.1833713
6:58:12,25092000,0,0,Route4_trip151772020_06:51:00,5,Euro4,Gasoline,Gillig_104,Passenger,3.1833713
6:58:13,25093000,0,0,Route4_trip151772020_06:51:00,5,Euro4,Gasoline,Gillig_104,Passenger,3.1833713
6:58:14,25094000,0,0,Route4_trip151772020_06:51:00,5,Euro4,Gasoline,Gillig_104,Passenger,3.1833713
6:58:15,25095000,0,0,Route4_trip151772020_06:51:00,5,Euro4,Gasoline,Gillig_104,Passenger,3.1833713
6:58:16,25096000,0,0,Route4_trip151772020_06:51:00,5,Euro4,Gasoline,Gillig_104,Passenger,3.1833713
6:58:17,25097000,0,0,Route4_trip151772020_06:51:00,5,Euro4,Gasoline,Gillig_104,Passenger,3.1833713
6:58:18,25098000,0,0,Route4_trip151772020_06:51:00,5,Euro4,Gasoline,Gillig_104,Passenger,3.1833713
6:58:19,25099000,0,0,Route4_trip151772020_06:51:00,5,Euro4,Gasoline,Gillig_104,Passenger,3.1833713
6:58:20,25100000,0,0,Route4_trip151772020_06:51:00,5,Euro4,Gasoline,Gillig_104,Passenger,3.1833713
6:58:21,25101000,0,0,Route4_trip151772020_06:51:00,5,Euro4,Gasoline,Gillig_104,Passenger,3.1833713
6:58:22,25102000,0,0,Route4_trip151772020_06:51:00,5,Euro4,Gasoline,Gillig_104,Passenger,3.1833713
6:58:23,25103000,0,0,Route4_trip151772020_06:51:00,5,Euro4,Gasoline,Gillig_104,Passenger,3.1833713
6:58:24,25104000,0,0,Route4_trip151772020_06:51:00,5,Euro4,Gasoline,Gillig_104,Passenger,3.1833713
6:58:25,25105000,0,0,Route4_trip151772020_06:51:00,5,Euro4,Gasoline,Gillig_104,Passenger,3.1833713
6:58:26,25106000,0,0,Route4_trip151772020_06:51:00,5,Euro4,Gasoline,Gillig_104,Passenger,3.1833713
6:58:27,25107000,0,0,Route4_trip151772020_06:51:00,5,Euro4,Gasoline,Gillig_104,Passenger,3.1833713
6:58:28,25108000,0,0,Route4_trip151772020_06:51:00,5,Euro4,Gasoline,Gillig_104,Passenger,3.1833713
6:58:29,25109000,0,0,Route4_trip151772020_06:51:00,5,Euro4,Gasoline,Gillig_104,Passenger,3.1833713
6:58:30,25110000,0,0,Route4_trip151772020_06:51:00,5,Euro4,Gasoline,Gillig_104,Passenger,3.1833713
6:58:31,25111000,0,0,Route4_trip151772020_06:51:00,5,Euro4,Gasoline,Gillig_104,Passenger,3.1833713
6:58:32,25112000,0,0,Route4_trip151772020_06:51:00,5,Euro4,Gasoline,Gillig_104,Passenger,3.1833713
6:58:33,25113000,0,0,Route4_trip151772020_06:51:00,5,Euro4,Gasoline,Gillig_104,Passenger,3.1833713
6:58:34,25114000,0,0,Route4_trip151772020_06:51:00,5,Euro4,Gasoline,Gillig_104,Passenger,3.1833713
6:58:35,25115000,0,0,Route4_trip151772020_06:51:00,5,Euro4,Gasoline,Gillig_104,Passenger,3.1833713
6:58:36,25116000,0,0,Route4_trip151772020_06:51:00,5,Euro4,Gasoline,Gillig_104,Passenger,3.1833713
6:58:37,25117000,0,0,Route4_trip151772020_06:51:00,5,Euro4,Gasoline,Gillig_104,Passenger,3.1833713
6:58:38,25118000,0,0,Route4_trip151772020_06:51:00,5,Euro4,Gasoline,Gillig_104,Passenger,3.1833713
6:58:39,25119000,0,0,Route4_trip151772020_06:51:00,5,Euro4,Gasoline,Gillig_104,Passenger,3.1833713
6:58:40,25120000,0,0,Route4_trip151772020_06:51:00,5,Euro4,Gasoline,Gillig_104,Passenger,3.1833713
6:58:41,25121000,0,0,Route4_trip151772020_06:51:00,5,Euro4,Gasoline,Gillig_104,Passenger,3.1833713
6:58:42,25122000,0,0,Route4_trip151772020_06:51:00,5,Euro4,Gasoline,Gillig_104,Passenger,3.1833713
6:58:43,25123000,0,0,Route4_trip151772020_06:51:00,5,Euro4,Gasoline,Gillig_104,Passenger,3.1833713
6:58:44,25124000,0,0,Route4_trip151772020_06:51:00,5,Euro4,Gasoline,Gillig_104,Passenger,3.1833713
6:58:45,25125000,0,0,Route4_trip151772020_06:51:00,5,Euro4,Gasoline,Gillig_104,Passenger,3.1833713
6:58:46,25126000,0,0,Route4_trip151772020_06:51:00,5,Euro4,Gasoline,Gillig_104,Passenger,3.1833713
6:58:47,25127000,0,0,Route4_trip151772020_06:51:00,5,Euro4,Gasoline,Gillig_104,Passenger,3.1833713
6:58:48,25128000,0,0,Route4_trip151772020_06:51:00,5,Euro4,Gasoline,Gillig_104,Passenger,3.1833713
6:58:49,25129000,0,0,Route4_trip151772020_06:51:00,5,Euro4,Gasoline,Gillig_104,Passenger,3.1833713
6:58:50,25130000,0,0,Route4_trip151772020_06:51:00,5,Euro4,Gasoline,Gillig_104,Passenger,3.1833713
6:58:51,25131000,0,0,Route4_trip151772020_06:51:00,5,Euro4,Gasoline,Gillig_104,Passenger,3.1833713
6:58:52,25132000,0,0,Route4_trip151772020_06:51:00,5,Euro4,Gasoline,Gillig_104,Passenger,3.1833713
6:58:53,25133000,0,0,Route4_trip151772020_06:51:00,5,Euro4,Gasoline,Gillig_104,Passenger,3.1833713
6:58:54,25134000,0,0,Route4_trip151772020_06:51:00,5,Euro4,Gasoline,Gillig_104,Passenger,3.1833713
6:58:55,25135000,0,0,Route4_trip151772020_06:51:00,5,Euro4,Gasoline,Gillig_104,Passenger,3.1833713
6:58:56,25136000,0,0,Route4_trip151772020_06:51:00,5,Euro4,Gasoline,Gillig_104,Passenger,3.1833713
6:58:57,25137000,0,0,Route4_trip151772020_06:51:00,5,Euro4,Gasoline,Gillig_104,Passenger,3.1833713
6:58:58,25138000,0,0,Route4_trip151772020_06:51:00,5,Euro4,Gasoline,Gillig_104,Passenger,3.1833713
6:58:59,25139000,0,0,Route4_trip151772020_06:51:00,5,Euro4,Gasoline,Gillig_104,Passenger,3.1833713
6:59:00,25140000,0,0,Route4_trip151772020_06:51:00,5,Euro4,Gasoline,Gillig_104,Passenger,3.1833713
6:59:01,25141000,0,0,Route4_trip151772020_06:51:00,5,Euro4,Gasoline,Gillig_104,Passenger,3.1833713
6:59:02,25142000,0,0,Route4_trip151772020_06:51:00,5,Euro4,Gasoline,Gillig_104,Passenger,3.1833713
6:59:03,25143000,0,0,Route4_trip151772020_06:51:00,5,Euro4,Gasoline,Gillig_104,Passenger,3.1833713
6:59:04,25144000,0,0,Route4_trip151772020_06:51:00,5,Euro4,Gasoline,Gillig_104,Passenger,3.1833713
6:59:05,25145000,0,0,Route4_trip151772020_06:51:00,5,Euro4,Gasoline,Gillig_104,Passenger,3.1833713
6:59:06,25146000,0,0,Route4_trip151772020_06:51:00,5,Euro4,Gasoline,Gillig_104,Passenger,3.1833713
6:59:07,25147000,0,0,Route4_trip151772020_06:51:00,5,Euro4,Gasoline,Gillig_104,Passenger,3.1833713
6:59:08,25148000,0,0,Route4_trip151772020_06:51:00,5,Euro4,Gasoline,Gillig_104,Passenger,3.1833713
6:59:09,25149000,0,0,Route4_trip151772020_06:51:00,5,Euro4,Gasoline,Gillig_104,Passenger,3.1833713
6:59:10,25150000,0,0,Route4_trip151772020_06:51:00,5,Euro4,Gasoline,Gillig_104,Passenger,3.1833713
6:59:11,25151000,0,0,Route4_trip151772020_06:51:00,5,Euro4,Gasoline,Gillig_104,Passenger,3.1833713
6:59:12,25152000,0,0,Route4_trip151772020_06:51:00,5,Euro4,Gasoline,Gillig_104,Passenger,3.1833713
6:59:13,25153000,0,0,Route4_trip151772020_06:51:00,5,Euro4,Gasoline,Gillig_104,Passenger,3.1833713
6:59:14,25154000,0,0,Route4_trip151772020_06:51:00,5,Euro4,Gasoline,Gillig_104,Passenger,3.1833713
6:59:15,25155000,0,0,Route4_trip151772020_06:51:00,5,Euro4,Gasoline,Gillig_104,Passenger,3.1833713
6:59:16,25156000,0,0,Route4_trip151772020_06:51:00,5,Euro4,Gasoline,Gillig_104,Passenger,3.1833713
6:59:17,25157000,0,0,Route4_trip151772020_06:51:00,5,Euro4,Gasoline,Gillig_104,Passenger,3.1833713
6:59:18,25158000,0,0,Route4_trip151772020_06:51:00,5,Euro4,Gasoline,Gillig_104,Passenger,3.1833713
6:59:19,25159000,0,0,Route4_trip151772020_06:51:00,5,Euro4,Gasoline,Gillig_104,Passenger,3.1833713
6:59:20,25160000,0,0,Route4_trip151772020_06:51:00,5,Euro4,Gasoline,Gillig_104,Passenger,3.1833713
6:59:21,25161000,0,0,Route4_trip151772020_06:51:00,5,Euro4,Gasoline,Gillig_104,Passenger,3.1833713
6:59:22,25162000,0,0,Route4_trip151772020_06:51:00,5,Euro4,Gasoline,Gillig_104,Passenger,3.1833713
6:59:23,25163000,0,0,Route4_trip151772020_06:51:00,5,Euro4,Gasoline,Gillig_104,Passenger,3.1833713
6:59:24,25164000,0,0,Route4_trip151772020_06:51:00,5,Euro4,Gasoline,Gillig_104,Passenger,3.1833713
6:59:25,25165000,0,0,Route4_trip151772020_06:51:00,5,Euro4,Gasoline,Gillig_104,Passenger,3.1833713
6:59:26,25166000,0,0,Route4_trip151772020_06:51:00,5,Euro4,Gasoline,Gillig_104,Passenger,3.1833713
6:59:27,25167000,0,0,Route4_trip151772020_06:51:00,5,Euro4,Gasoline,Gillig_104,Passenger,3.1833713
6:59:28,25168000,0,0,Route4_trip151772020_06:51:00,5,Euro4,Gasoline,Gillig_104,Passenger,3.1833713
6:59:29,25169000,0,0,Route4_trip151772020_06:51:00,5,Euro4,Gasoline,Gillig_104,Passenger,3.1833713
6:59:30,25170000,0,0,Route4_trip151772020_06:51:00,5,Euro4,Gasoline,Gillig_104,Passenger,3.1833713
6:59:31,25171000,0,0,Route4_trip151772020_06:51:00,5,Euro4,Gasoline,Gillig_104,Passenger,3.1833713
6:59:32,25172000,0,0,Route4_trip151772020_06:51:00,5,Euro4,Gasoline,Gillig_104,Passenger,3.1833713
6:59:33,25173000,0,0,Route4_trip151772020_06:51:00,5,Euro4,Gasoline,Gillig_104,Passenger,3.1833713
6:59:34,25174000,0,0,Route4_trip151772020_06:51:00,5,Euro4,Gasoline,Gillig_104,Passenger,3.1833713
6:59:35,25175000,0,0,Route4_trip151772020_06:51:00,5,Euro4,Gasoline,Gillig_104,Passenger,3.1833713
6:59:36,25176000,0,0,Route4_trip151772020_06:51:00,5,Euro4,Gasoline,Gillig_104,Passenger,3.1833713
6:59:37,25177000,0,0,Route4_trip151772020_06:51:00,5,Euro4,Gasoline,Gillig_104,Passenger,3.1833713
6:59:38,25178000,0,0,Route4_trip151772020_06:51:00,5,Euro4,Gasoline,Gillig_104,Passenger,3.1833713
6:59:39,25179000,0,0,Route4_trip151772020_06:51:00,5,Euro4,Gasoline,Gillig_104,Passenger,3.1833713
6:59:40,25180000,0,0,Route4_trip151772020_06:51:00,5,Euro4,Gasoline,Gillig_104,Passenger,3.1833713
6:59:41,25181000,0,0,Route4_trip151772020_06:51:00,5,Euro4,Gasoline,Gillig_104,Passenger,3.1833713
6:59:42,25182000,0,0,Route4_trip151772020_06:51:00,5,Euro4,Gasoline,Gillig_104,Passenger,3.1833713
6:59:43,25183000,0,0,Route4_trip151772020_06:51:00,5,Euro4,Gasoline,Gillig_104,Passenger,3.1833713
6:59:44,25184000,0,0,Route4_trip151772020_06:51:00,5,Euro4,Gasoline,Gillig_104,Passenger,3.1833713
6:59:45,25185000,0,0,Route4_trip151772020_06:51:00,5,Euro4,Gasoline,Gillig_104,Passenger,3.1833713
6:59:46,25186000,0,0,Route4_trip151772020_06:51:00,5,Euro4,Gasoline,Gillig_104,Passenger,3.1833713
6:59:47,25187000,0,0,Route4_trip151772020_06:51:00,5,Euro4,Gasoline,Gillig_104,Passenger,3.1833713
6:59:48,25188000,0,0,Route4_trip151772020_06:51:00,5,Euro4,Gasoline,Gillig_104,Passenger,3.1833713
6:59:49,25189000,0,0,Route4_trip151772020_06:51:00,5,Euro4,Gasoline,Gillig_104,Passenger,3.1833713
6:59:50,25190000,0,0,Route4_trip151772020_06:51:00,5,Euro4,Gasoline,Gillig_104,Passenger,3.1833713
6:59:51,25191000,0,0,Route4_trip151772020_06:51:00,5,Euro4,Gasoline,Gillig_104,Passenger,3.1833713
6:59:52,25192000,0,0,Route4_trip151772020_06:51:00,5,Euro4,Gasoline,Gillig_104,Passenger,3.1833713
6:59:53,25193000,0,0,Route4_trip151772020_06:51:00,5,Euro4,Gasoline,Gillig_104,Passenger,3.1833713
6:59:54,25194000,0,0,Route4_trip151772020_06:51:00,5,Euro4,Gasoline,Gillig_104,Passenger,3.1833713
6:59:55,25195000,0,0,Route4_trip151772020_06:51:00,5,Euro4,Gasoline,Gillig_104,Passenger,3.1833713
6:59:56,25196000,0,0,Route4_trip151772020_06:51:00,5,Euro4,Gasoline,Gillig_104,Passenger,3.1833713
6:59:57,25197000,0,0,Route4_trip151772020_06:51:00,5,Euro4,Gasoline,Gillig_104,Passenger,3.1833713
6:59:58,25198000,0,0,Route4_trip151772020_06:51:00,5,Euro4,Gasoline,Gillig_104,Passenger,3.1833713
6:59:59,25199000,0,0,Route4_trip151772020_06:51:00,5,Euro4,Gasoline,Gillig_104,Passenger,3.1833713
